Donation ID,Date,Donor Name,Email,Amount
GB201,2026-05-20,Morgan 1,morgan1@gmail.com,50
GB202,2026-05-20,Taylor 2,taylor2@gmai.com,500
GB203,2026-05-20,Sam 3,sam3@hotmail.com,75
GB204,2026-05-20,Riley 4,riley4@gmail.com,2000
GB205,2026-05-20,Sam 5,sam5@gmail.com,1001
GB206,2026-05-20,Taylor 6,taylor6@gmai.com,50
GB207,2026-05-20,Sam 7,sam7@yaho.com,2000
GB208,2026-05-20,Morgan 8,morgan8@gmai.com,2000
GB209,2026-05-20,Taylor 9,taylor9@yahoo.com,2000
GB210,2026-05-20,Jordan 10,jordan10@yaho.com,1500
GB211,2026-05-20,Avery 11,,25
GB212,2026-05-20,Casey 12,casey12@hotmail.com,75
GB213,2026-05-20,Taylor 13,taylor13@gmal.com,1000
GB214,2026-05-20,Jordan 14,jordan14@hotmial.com,99
GB215,2026-05-20,Casey 15,duplicate@gmai.com,1200
GB216,2026-05-20,Avery 16,avery16@gmal.com,50
GB217,2026-05-20,Jordan 17,jordan17@yaho.com,1000
GB218,2026-05-20,Casey 18,casey18@hotmail.com,25
GB219,2026-05-20,Casey 19,casey19@gmail.com,2000
GB220,2026-05-20,Jordan 20,jordan20@yaho.com,50
GB221,2026-05-20,Taylor 21,taylor21@yaho.com,1000
GB222,2026-05-20,Morgan 22,,50
GB223,2026-05-20,Jordan 23,jordan23@hotmial.com,99
GB224,2026-05-20,Taylor 24,taylor24@hotmial.com,50
GB225,2026-05-20,Jordan 25,jordan25@yahoo.com,50
GB226,2026-05-20,Avery 26,avery26@hotmail.com,1500
GB227,2026-05-20,Jordan 27,jordan27@gmai.com,1000
GB228,2026-05-20,Morgan 28,morgan28@gmai.com,1000
GB229,2026-05-20,Morgan 29,morgan29@hotmail.com,500
GB230,2026-05-20,Morgan 30,duplicate@gmai.com,1200
GB231,2026-05-20,Morgan 31,morgan31@yaho.com,75
GB232,2026-05-20,Casey 32,casey32@gmai.com,99
GB233,2026-05-20,Morgan 33,,1001
GB234,2026-05-20,Morgan 34,morgan34@gmai.com,2000
GB235,2026-05-20,Avery 35,avery35@hotmial.com,1000
