USER_ID,EMAIL,SOURCE,CONSENT
user_0,donor_0@example.com,ORGANIC,True
user_1,donor_1@example.com,ORGANIC,True
user_2,donor_2@example.com,ORGANIC,True
user_3,donor_3@example.com,ORGANIC,True
user_4,donor_4@example.com,ORGANIC,True
user_5,donor_5@example.com,ORGANIC,True
user_6,donor_6@example.com,ORGANIC,True
user_7,donor_7@example.com,ORGANIC,True
user_8,donor_8@example.com,ORGANIC,True
user_9,donor_9@example.com,ORGANIC,True
user_10,donor_10@example.com,ORGANIC,True
user_11,donor_11@example.com,ORGANIC,False
user_12,donor_12@example.com,ORGANIC,True
user_13,donor_13@example.com,ORGANIC,False
user_14,donor_14@example.com,ORGANIC,True
user_15,donor_15@example.com,ORGANIC,False
user_16,donor_16@example.com,ORGANIC,True
user_17,donor_17@example.com,ORGANIC,False
user_18,donor_18@example.com,ORGANIC,True
user_19,donor_19@example.com,ORGANIC,True
user_20,donor_20@example.com,ORGANIC,True
user_21,donor_21@example.com,ORGANIC,True
user_22,donor_22@example.com,ORGANIC,False
user_23,donor_23@example.com,ORGANIC,True
user_24,donor_24@example.com,ORGANIC,True
user_25,donor_25@example.com,ORGANIC,True
user_26,donor_26@example.com,ORGANIC,True
user_27,donor_27@example.com,ORGANIC,True
user_28,donor_28@example.com,ORGANIC,True
user_29,donor_29@example.com,ORGANIC,True
user_30,donor_30@example.com,ORGANIC,True
user_31,donor_31@example.com,ORGANIC,True
user_32,donor_32@example.com,ORGANIC,False
user_33,donor_33@example.com,ORGANIC,True
user_34,donor_34@example.com,ORGANIC,True
user_35,donor_35@example.com,ORGANIC,True
user_36,donor_36@example.com,ORGANIC,True
user_37,donor_37@example.com,ORGANIC,True
user_38,donor_38@example.com,ORGANIC,True
user_39,donor_39@example.com,ORGANIC,True
user_40,donor_40@example.com,ORGANIC,False
user_41,donor_41@example.com,ORGANIC,True
user_42,donor_42@example.com,ORGANIC,True
user_43,donor_43@example.com,ORGANIC,True
user_44,donor_44@example.com,ORGANIC,True
user_45,donor_45@example.com,ORGANIC,True
user_46,donor_46@example.com,ORGANIC,False
user_47,donor_47@example.com,ORGANIC,True
user_48,donor_48@example.com,ORGANIC,True
user_49,donor_49@example.com,ORGANIC,True
user_50,donor_50@example.com,ORGANIC,True
user_51,donor_51@example.com,ORGANIC,True
user_52,donor_52@example.com,ORGANIC,True
user_53,donor_53@example.com,ORGANIC,True
user_54,donor_54@example.com,ORGANIC,True
user_55,donor_55@example.com,ORGANIC,True
user_56,donor_56@example.com,ORGANIC,True
user_57,donor_57@example.com,ORGANIC,False
user_58,donor_58@example.com,ORGANIC,True
user_59,donor_59@example.com,ORGANIC,True
user_60,donor_60@example.com,ORGANIC,True
user_61,donor_61@example.com,ORGANIC,True
user_62,donor_62@example.com,ORGANIC,True
user_63,donor_63@example.com,ORGANIC,True
user_64,donor_64@example.com,ORGANIC,True
user_65,donor_65@example.com,ORGANIC,True
user_66,donor_66@example.com,ORGANIC,True
user_67,donor_67@example.com,ORGANIC,False
user_68,donor_68@example.com,ORGANIC,True
user_69,donor_69@example.com,ORGANIC,False
user_70,donor_70@example.com,ORGANIC,True
user_71,donor_71@example.com,ORGANIC,False
user_72,donor_72@example.com,ORGANIC,True
user_73,donor_73@example.com,ORGANIC,True
user_74,donor_74@example.com,ORGANIC,True
user_75,donor_75@example.com,ORGANIC,True
user_76,donor_76@example.com,ORGANIC,True
user_77,donor_77@example.com,ORGANIC,False
user_78,donor_78@example.com,ORGANIC,True
user_79,donor_79@example.com,ORGANIC,True
user_80,donor_80@example.com,ORGANIC,True
user_81,donor_81@example.com,ORGANIC,True
user_82,donor_82@example.com,ORGANIC,True
user_83,donor_83@example.com,ORGANIC,True
user_84,donor_84@example.com,ORGANIC,False
user_85,donor_85@example.com,ORGANIC,True
user_86,donor_86@example.com,ORGANIC,True
user_87,donor_87@example.com,ORGANIC,True
user_88,donor_88@example.com,ORGANIC,True
user_89,donor_89@example.com,ORGANIC,True
user_90,donor_90@example.com,ORGANIC,True
user_91,donor_91@example.com,ORGANIC,True
user_92,donor_92@example.com,ORGANIC,True
user_93,donor_93@example.com,ORGANIC,True
user_94,donor_94@example.com,ORGANIC,False
user_95,donor_95@example.com,ORGANIC,True
user_96,donor_96@example.com,ORGANIC,True
user_97,donor_97@example.com,ORGANIC,True
user_98,donor_98@example.com,ORGANIC,True
user_99,donor_99@example.com,ORGANIC,True
user_100,donor_100@example.com,ORGANIC,True
user_101,donor_101@example.com,ORGANIC,True
user_102,donor_102@example.com,ORGANIC,False
user_103,donor_103@example.com,ORGANIC,True
user_104,donor_104@example.com,ORGANIC,False
user_105,donor_105@example.com,ORGANIC,True
user_106,donor_106@example.com,ORGANIC,True
user_107,donor_107@example.com,ORGANIC,True
user_108,donor_108@example.com,ORGANIC,True
user_109,donor_109@example.com,ORGANIC,True
user_110,donor_110@example.com,ORGANIC,True
user_111,donor_111@example.com,ORGANIC,True
user_112,donor_112@example.com,ORGANIC,False
user_113,donor_113@example.com,ORGANIC,True
user_114,donor_114@example.com,ORGANIC,True
user_115,donor_115@example.com,ORGANIC,False
user_116,donor_116@example.com,ORGANIC,False
user_117,donor_117@example.com,ORGANIC,True
user_118,donor_118@example.com,ORGANIC,True
user_119,donor_119@example.com,ORGANIC,True
user_120,donor_120@example.com,ORGANIC,True
user_121,donor_121@example.com,ORGANIC,True
user_122,donor_122@example.com,ORGANIC,True
user_123,donor_123@example.com,ORGANIC,True
user_124,donor_124@example.com,ORGANIC,True
user_125,donor_125@example.com,ORGANIC,True
user_126,donor_126@example.com,ORGANIC,True
user_127,donor_127@example.com,ORGANIC,True
user_128,donor_128@example.com,ORGANIC,False
user_129,donor_129@example.com,ORGANIC,True
user_130,donor_130@example.com,ORGANIC,True
user_131,donor_131@example.com,ORGANIC,True
user_132,donor_132@example.com,ORGANIC,False
user_133,donor_133@example.com,ORGANIC,False
user_134,donor_134@example.com,ORGANIC,True
user_135,donor_135@example.com,ORGANIC,True
user_136,donor_136@example.com,ORGANIC,False
user_137,donor_137@example.com,ORGANIC,True
user_138,donor_138@example.com,ORGANIC,False
user_139,donor_139@example.com,ORGANIC,True
user_140,donor_140@example.com,ORGANIC,True
user_141,donor_141@example.com,ORGANIC,False
user_142,donor_142@example.com,ORGANIC,True
user_143,donor_143@example.com,ORGANIC,True
user_144,donor_144@example.com,ORGANIC,True
user_145,donor_145@example.com,ORGANIC,True
user_146,donor_146@example.com,ORGANIC,True
user_147,donor_147@example.com,ORGANIC,False
user_148,donor_148@example.com,ORGANIC,True
user_149,donor_149@example.com,ORGANIC,False
user_150,donor_150@example.com,ORGANIC,True
user_151,donor_151@example.com,ORGANIC,False
user_152,donor_152@example.com,ORGANIC,True
user_153,donor_153@example.com,ORGANIC,True
user_154,donor_154@example.com,ORGANIC,True
user_155,donor_155@example.com,ORGANIC,True
user_156,donor_156@example.com,ORGANIC,True
user_157,donor_157@example.com,ORGANIC,True
user_158,donor_158@example.com,ORGANIC,False
user_159,donor_159@example.com,ORGANIC,True
user_160,donor_160@example.com,ORGANIC,True
user_161,donor_161@example.com,ORGANIC,True
user_162,donor_162@example.com,ORGANIC,True
user_163,donor_163@example.com,ORGANIC,True
user_164,donor_164@example.com,ORGANIC,True
user_165,donor_165@example.com,ORGANIC,False
user_166,donor_166@example.com,ORGANIC,True
user_167,donor_167@example.com,ORGANIC,True
user_168,donor_168@example.com,ORGANIC,False
user_169,donor_169@example.com,ORGANIC,True
user_170,donor_170@example.com,ORGANIC,True
user_171,donor_171@example.com,ORGANIC,False
user_172,donor_172@example.com,ORGANIC,True
user_173,donor_173@example.com,ORGANIC,True
user_174,donor_174@example.com,ORGANIC,True
user_175,donor_175@example.com,ORGANIC,True
user_176,donor_176@example.com,ORGANIC,True
user_177,donor_177@example.com,ORGANIC,True
user_178,donor_178@example.com,ORGANIC,True
user_179,donor_179@example.com,ORGANIC,False
user_180,donor_180@example.com,ORGANIC,True
user_181,donor_181@example.com,ORGANIC,True
user_182,donor_182@example.com,ORGANIC,True
user_183,donor_183@example.com,ORGANIC,False
user_184,donor_184@example.com,ORGANIC,True
user_185,donor_185@example.com,ORGANIC,True
user_186,donor_186@example.com,ORGANIC,True
user_187,donor_187@example.com,ORGANIC,True
user_188,donor_188@example.com,ORGANIC,True
user_189,donor_189@example.com,ORGANIC,False
user_190,donor_190@example.com,ORGANIC,True
user_191,donor_191@example.com,ORGANIC,True
user_192,donor_192@example.com,ORGANIC,True
user_193,donor_193@example.com,ORGANIC,True
user_194,donor_194@example.com,ORGANIC,True
user_195,donor_195@example.com,ORGANIC,True
user_196,donor_196@example.com,ORGANIC,False
user_197,donor_197@example.com,ORGANIC,True
user_198,donor_198@example.com,ORGANIC,True
user_199,donor_199@example.com,ORGANIC,True
user_200,donor_200@example.com,ORGANIC,True
user_201,donor_201@example.com,ORGANIC,True
user_202,donor_202@example.com,ORGANIC,False
user_203,donor_203@example.com,ORGANIC,False
user_204,donor_204@example.com,ORGANIC,True
user_205,donor_205@example.com,ORGANIC,True
user_206,donor_206@example.com,ORGANIC,True
user_207,donor_207@example.com,ORGANIC,False
user_208,donor_208@example.com,ORGANIC,True
user_209,donor_209@example.com,ORGANIC,True
user_210,donor_210@example.com,ORGANIC,True
user_211,donor_211@example.com,ORGANIC,True
user_212,donor_212@example.com,ORGANIC,True
user_213,donor_213@example.com,ORGANIC,False
user_214,donor_214@example.com,ORGANIC,False
user_215,donor_215@example.com,ORGANIC,False
user_216,donor_216@example.com,ORGANIC,True
user_217,donor_217@example.com,ORGANIC,True
user_218,donor_218@example.com,ORGANIC,True
user_219,donor_219@example.com,ORGANIC,False
user_220,donor_220@example.com,ORGANIC,True
user_221,donor_221@example.com,ORGANIC,True
user_222,donor_222@example.com,ORGANIC,True
user_223,donor_223@example.com,ORGANIC,True
user_224,donor_224@example.com,ORGANIC,True
user_225,donor_225@example.com,ORGANIC,True
user_226,donor_226@example.com,ORGANIC,False
user_227,donor_227@example.com,ORGANIC,False
user_228,donor_228@example.com,ORGANIC,True
user_229,donor_229@example.com,ORGANIC,True
user_230,donor_230@example.com,ORGANIC,True
user_231,donor_231@example.com,ORGANIC,True
user_232,donor_232@example.com,ORGANIC,True
user_233,donor_233@example.com,ORGANIC,True
user_234,donor_234@example.com,ORGANIC,True
user_235,donor_235@example.com,ORGANIC,True
user_236,donor_236@example.com,ORGANIC,True
user_237,donor_237@example.com,ORGANIC,False
user_238,donor_238@example.com,ORGANIC,True
user_239,donor_239@example.com,ORGANIC,True
user_240,donor_240@example.com,ORGANIC,True
user_241,donor_241@example.com,ORGANIC,True
user_242,donor_242@example.com,ORGANIC,True
user_243,donor_243@example.com,ORGANIC,True
user_244,donor_244@example.com,ORGANIC,True
user_245,donor_245@example.com,ORGANIC,False
user_246,donor_246@example.com,ORGANIC,False
user_247,donor_247@example.com,ORGANIC,True
user_248,donor_248@example.com,ORGANIC,True
user_249,donor_249@example.com,ORGANIC,True
user_250,donor_250@example.com,ORGANIC,True
user_251,donor_251@example.com,ORGANIC,True
user_252,donor_252@example.com,ORGANIC,True
user_253,donor_253@example.com,ORGANIC,True
user_254,donor_254@example.com,ORGANIC,True
user_255,donor_255@example.com,ORGANIC,True
user_256,donor_256@example.com,ORGANIC,True
user_257,donor_257@example.com,ORGANIC,True
user_258,donor_258@example.com,ORGANIC,True
user_259,donor_259@example.com,ORGANIC,True
user_260,donor_260@example.com,ORGANIC,True
user_261,donor_261@example.com,ORGANIC,True
user_262,donor_262@example.com,ORGANIC,True
user_263,donor_263@example.com,ORGANIC,True
user_264,donor_264@example.com,ORGANIC,True
user_265,donor_265@example.com,ORGANIC,True
user_266,donor_266@example.com,ORGANIC,True
user_267,donor_267@example.com,ORGANIC,True
user_268,donor_268@example.com,ORGANIC,True
user_269,donor_269@example.com,ORGANIC,True
user_270,donor_270@example.com,ORGANIC,True
user_271,donor_271@example.com,ORGANIC,True
user_272,donor_272@example.com,ORGANIC,True
user_273,donor_273@example.com,ORGANIC,False
user_274,donor_274@example.com,ORGANIC,True
user_275,donor_275@example.com,ORGANIC,True
user_276,donor_276@example.com,ORGANIC,True
user_277,donor_277@example.com,ORGANIC,True
user_278,donor_278@example.com,ORGANIC,True
user_279,donor_279@example.com,ORGANIC,True
user_280,donor_280@example.com,ORGANIC,True
user_281,donor_281@example.com,ORGANIC,False
user_282,donor_282@example.com,ORGANIC,True
user_283,donor_283@example.com,ORGANIC,True
user_284,donor_284@example.com,ORGANIC,True
user_285,donor_285@example.com,ORGANIC,True
user_286,donor_286@example.com,ORGANIC,True
user_287,donor_287@example.com,ORGANIC,True
user_288,donor_288@example.com,ORGANIC,True
user_289,donor_289@example.com,ORGANIC,True
user_290,donor_290@example.com,ORGANIC,True
user_291,donor_291@example.com,ORGANIC,True
user_292,donor_292@example.com,ORGANIC,True
user_293,donor_293@example.com,ORGANIC,False
user_294,donor_294@example.com,ORGANIC,True
user_295,donor_295@example.com,ORGANIC,True
user_296,donor_296@example.com,ORGANIC,True
user_297,donor_297@example.com,ORGANIC,True
user_298,donor_298@example.com,ORGANIC,True
user_299,donor_299@example.com,ORGANIC,True
user_300,donor_300@example.com,ORGANIC,False
user_301,donor_301@example.com,ORGANIC,False
user_302,donor_302@example.com,ORGANIC,True
user_303,donor_303@example.com,ORGANIC,False
user_304,donor_304@example.com,ORGANIC,True
user_305,donor_305@example.com,ORGANIC,True
user_306,donor_306@example.com,ORGANIC,True
user_307,donor_307@example.com,ORGANIC,True
user_308,donor_308@example.com,ORGANIC,False
user_309,donor_309@example.com,ORGANIC,True
user_310,donor_310@example.com,ORGANIC,True
user_311,donor_311@example.com,ORGANIC,False
user_312,donor_312@example.com,ORGANIC,False
user_313,donor_313@example.com,ORGANIC,True
user_314,donor_314@example.com,ORGANIC,True
user_315,donor_315@example.com,ORGANIC,True
user_316,donor_316@example.com,ORGANIC,True
user_317,donor_317@example.com,ORGANIC,True
user_318,donor_318@example.com,ORGANIC,True
user_319,donor_319@example.com,ORGANIC,False
user_320,donor_320@example.com,ORGANIC,True
user_321,donor_321@example.com,ORGANIC,True
user_322,donor_322@example.com,ORGANIC,True
user_323,donor_323@example.com,ORGANIC,True
user_324,donor_324@example.com,ORGANIC,False
user_325,donor_325@example.com,ORGANIC,False
user_326,donor_326@example.com,ORGANIC,True
user_327,donor_327@example.com,ORGANIC,True
user_328,donor_328@example.com,ORGANIC,True
user_329,donor_329@example.com,ORGANIC,True
user_330,donor_330@example.com,ORGANIC,True
user_331,donor_331@example.com,ORGANIC,True
user_332,donor_332@example.com,ORGANIC,True
user_333,donor_333@example.com,ORGANIC,True
user_334,donor_334@example.com,ORGANIC,True
user_335,donor_335@example.com,ORGANIC,True
user_336,donor_336@example.com,ORGANIC,True
user_337,donor_337@example.com,ORGANIC,True
user_338,donor_338@example.com,ORGANIC,False
user_339,donor_339@example.com,ORGANIC,True
user_340,donor_340@example.com,ORGANIC,True
user_341,donor_341@example.com,ORGANIC,True
user_342,donor_342@example.com,ORGANIC,True
user_343,donor_343@example.com,ORGANIC,True
user_344,donor_344@example.com,ORGANIC,True
user_345,donor_345@example.com,ORGANIC,True
user_346,donor_346@example.com,ORGANIC,False
user_347,donor_347@example.com,ORGANIC,False
user_348,donor_348@example.com,ORGANIC,False
user_349,donor_349@example.com,ORGANIC,True
user_350,donor_350@example.com,ORGANIC,True
user_351,donor_351@example.com,ORGANIC,True
user_352,donor_352@example.com,ORGANIC,True
user_353,donor_353@example.com,ORGANIC,True
user_354,donor_354@example.com,ORGANIC,True
user_355,donor_355@example.com,ORGANIC,True
user_356,donor_356@example.com,ORGANIC,True
user_357,donor_357@example.com,ORGANIC,True
user_358,donor_358@example.com,ORGANIC,True
user_359,donor_359@example.com,ORGANIC,False
user_360,donor_360@example.com,ORGANIC,True
user_361,donor_361@example.com,ORGANIC,True
user_362,donor_362@example.com,ORGANIC,False
user_363,donor_363@example.com,ORGANIC,True
user_364,donor_364@example.com,ORGANIC,True
user_365,donor_365@example.com,ORGANIC,False
user_366,donor_366@example.com,ORGANIC,True
user_367,donor_367@example.com,ORGANIC,True
user_368,donor_368@example.com,ORGANIC,True
user_369,donor_369@example.com,ORGANIC,True
user_370,donor_370@example.com,ORGANIC,True
user_371,donor_371@example.com,ORGANIC,True
user_372,donor_372@example.com,ORGANIC,False
user_373,donor_373@example.com,ORGANIC,True
user_374,donor_374@example.com,ORGANIC,True
user_375,donor_375@example.com,ORGANIC,True
user_376,donor_376@example.com,ORGANIC,False
user_377,donor_377@example.com,ORGANIC,True
user_378,donor_378@example.com,ORGANIC,True
user_379,donor_379@example.com,ORGANIC,False
user_380,donor_380@example.com,ORGANIC,True
user_381,donor_381@example.com,ORGANIC,False
user_382,donor_382@example.com,ORGANIC,True
user_383,donor_383@example.com,ORGANIC,True
user_384,donor_384@example.com,ORGANIC,True
user_385,donor_385@example.com,ORGANIC,True
user_386,donor_386@example.com,ORGANIC,True
user_387,donor_387@example.com,ORGANIC,False
user_388,donor_388@example.com,ORGANIC,True
user_389,donor_389@example.com,ORGANIC,True
user_390,donor_390@example.com,ORGANIC,True
user_391,donor_391@example.com,ORGANIC,True
user_392,donor_392@example.com,ORGANIC,True
user_393,donor_393@example.com,ORGANIC,False
user_394,donor_394@example.com,ORGANIC,True
user_395,donor_395@example.com,ORGANIC,True
user_396,donor_396@example.com,ORGANIC,True
user_397,donor_397@example.com,ORGANIC,True
user_398,donor_398@example.com,ORGANIC,True
user_399,donor_399@example.com,ORGANIC,True
user_400,donor_400@example.com,ORGANIC,False
user_401,donor_401@example.com,ORGANIC,True
user_402,donor_402@example.com,ORGANIC,True
user_403,donor_403@example.com,ORGANIC,True
user_404,donor_404@example.com,ORGANIC,True
user_405,donor_405@example.com,ORGANIC,True
user_406,donor_406@example.com,ORGANIC,False
user_407,donor_407@example.com,ORGANIC,True
user_408,donor_408@example.com,ORGANIC,True
user_409,donor_409@example.com,ORGANIC,True
user_410,donor_410@example.com,ORGANIC,False
user_411,donor_411@example.com,ORGANIC,True
user_412,donor_412@example.com,ORGANIC,True
user_413,donor_413@example.com,ORGANIC,True
user_414,donor_414@example.com,ORGANIC,True
user_415,donor_415@example.com,ORGANIC,True
user_416,donor_416@example.com,ORGANIC,False
user_417,donor_417@example.com,ORGANIC,True
user_418,donor_418@example.com,ORGANIC,True
user_419,donor_419@example.com,ORGANIC,False
user_420,donor_420@example.com,ORGANIC,True
user_421,donor_421@example.com,ORGANIC,True
user_422,donor_422@example.com,ORGANIC,True
user_423,donor_423@example.com,ORGANIC,True
user_424,donor_424@example.com,ORGANIC,True
user_425,donor_425@example.com,ORGANIC,True
user_426,donor_426@example.com,ORGANIC,True
user_427,donor_427@example.com,ORGANIC,False
user_428,donor_428@example.com,ORGANIC,True
user_429,donor_429@example.com,ORGANIC,False
user_430,donor_430@example.com,ORGANIC,True
user_431,donor_431@example.com,ORGANIC,True
user_432,donor_432@example.com,ORGANIC,True
user_433,donor_433@example.com,ORGANIC,False
user_434,donor_434@example.com,ORGANIC,True
user_435,donor_435@example.com,ORGANIC,True
user_436,donor_436@example.com,ORGANIC,False
user_437,donor_437@example.com,ORGANIC,True
user_438,donor_438@example.com,ORGANIC,True
user_439,donor_439@example.com,ORGANIC,True
user_440,donor_440@example.com,ORGANIC,True
user_441,donor_441@example.com,ORGANIC,True
user_442,donor_442@example.com,ORGANIC,True
user_443,donor_443@example.com,ORGANIC,True
user_444,donor_444@example.com,ORGANIC,True
user_445,donor_445@example.com,ORGANIC,False
user_446,donor_446@example.com,ORGANIC,True
user_447,donor_447@example.com,ORGANIC,False
user_448,donor_448@example.com,ORGANIC,True
user_449,donor_449@example.com,ORGANIC,True
user_450,donor_450@example.com,ORGANIC,True
user_451,donor_451@example.com,ORGANIC,True
user_452,donor_452@example.com,ORGANIC,True
user_453,donor_453@example.com,ORGANIC,True
user_454,donor_454@example.com,ORGANIC,True
user_455,donor_455@example.com,ORGANIC,True
user_456,donor_456@example.com,ORGANIC,True
user_457,donor_457@example.com,ORGANIC,True
user_458,donor_458@example.com,ORGANIC,True
user_459,donor_459@example.com,ORGANIC,True
user_460,donor_460@example.com,ORGANIC,True
user_461,donor_461@example.com,ORGANIC,True
user_462,donor_462@example.com,ORGANIC,True
user_463,donor_463@example.com,ORGANIC,True
user_464,donor_464@example.com,ORGANIC,True
user_465,donor_465@example.com,ORGANIC,True
user_466,donor_466@example.com,ORGANIC,False
user_467,donor_467@example.com,ORGANIC,True
user_468,donor_468@example.com,ORGANIC,False
user_469,donor_469@example.com,ORGANIC,True
user_470,donor_470@example.com,ORGANIC,True
user_471,donor_471@example.com,ORGANIC,True
user_472,donor_472@example.com,ORGANIC,True
user_473,donor_473@example.com,ORGANIC,True
user_474,donor_474@example.com,ORGANIC,True
user_475,donor_475@example.com,ORGANIC,True
user_476,donor_476@example.com,ORGANIC,True
user_477,donor_477@example.com,ORGANIC,True
user_478,donor_478@example.com,ORGANIC,True
user_479,donor_479@example.com,ORGANIC,True
user_480,donor_480@example.com,ORGANIC,True
user_481,donor_481@example.com,ORGANIC,True
user_482,donor_482@example.com,ORGANIC,True
user_483,donor_483@example.com,ORGANIC,True
user_484,donor_484@example.com,ORGANIC,False
user_485,donor_485@example.com,ORGANIC,True
user_486,donor_486@example.com,ORGANIC,True
user_487,donor_487@example.com,ORGANIC,True
user_488,donor_488@example.com,ORGANIC,True
user_489,donor_489@example.com,ORGANIC,False
user_490,donor_490@example.com,ORGANIC,True
user_491,donor_491@example.com,ORGANIC,True
user_492,donor_492@example.com,ORGANIC,True
user_493,donor_493@example.com,ORGANIC,False
user_494,donor_494@example.com,ORGANIC,False
user_495,donor_495@example.com,ORGANIC,False
user_496,donor_496@example.com,ORGANIC,True
user_497,donor_497@example.com,ORGANIC,True
user_498,donor_498@example.com,ORGANIC,True
user_499,donor_499@example.com,ORGANIC,False
user_500,donor_500@example.com,ORGANIC,True
user_501,donor_501@example.com,ORGANIC,False
user_502,donor_502@example.com,ORGANIC,True
user_503,donor_503@example.com,ORGANIC,True
user_504,donor_504@example.com,ORGANIC,False
user_505,donor_505@example.com,ORGANIC,True
user_506,donor_506@example.com,ORGANIC,False
user_507,donor_507@example.com,ORGANIC,True
user_508,donor_508@example.com,ORGANIC,False
user_509,donor_509@example.com,ORGANIC,True
user_510,donor_510@example.com,ORGANIC,True
user_511,donor_511@example.com,ORGANIC,False
user_512,donor_512@example.com,ORGANIC,True
user_513,donor_513@example.com,ORGANIC,True
user_514,donor_514@example.com,ORGANIC,True
user_515,donor_515@example.com,ORGANIC,True
user_516,donor_516@example.com,ORGANIC,True
user_517,donor_517@example.com,ORGANIC,True
user_518,donor_518@example.com,ORGANIC,True
user_519,donor_519@example.com,ORGANIC,False
user_520,donor_520@example.com,ORGANIC,True
user_521,donor_521@example.com,ORGANIC,True
user_522,donor_522@example.com,ORGANIC,True
user_523,donor_523@example.com,ORGANIC,False
user_524,donor_524@example.com,ORGANIC,True
user_525,donor_525@example.com,ORGANIC,True
user_526,donor_526@example.com,ORGANIC,False
user_527,donor_527@example.com,ORGANIC,True
user_528,donor_528@example.com,ORGANIC,True
user_529,donor_529@example.com,ORGANIC,True
user_530,donor_530@example.com,ORGANIC,False
user_531,donor_531@example.com,ORGANIC,True
user_532,donor_532@example.com,ORGANIC,True
user_533,donor_533@example.com,ORGANIC,True
user_534,donor_534@example.com,ORGANIC,True
user_535,donor_535@example.com,ORGANIC,True
user_536,donor_536@example.com,ORGANIC,False
user_537,donor_537@example.com,ORGANIC,True
user_538,donor_538@example.com,ORGANIC,True
user_539,donor_539@example.com,ORGANIC,True
user_540,donor_540@example.com,ORGANIC,True
user_541,donor_541@example.com,ORGANIC,True
user_542,donor_542@example.com,ORGANIC,True
user_543,donor_543@example.com,ORGANIC,True
user_544,donor_544@example.com,ORGANIC,False
user_545,donor_545@example.com,ORGANIC,True
user_546,donor_546@example.com,ORGANIC,True
user_547,donor_547@example.com,ORGANIC,True
user_548,donor_548@example.com,ORGANIC,True
user_549,donor_549@example.com,ORGANIC,True
user_550,donor_550@example.com,ORGANIC,True
user_551,donor_551@example.com,ORGANIC,False
user_552,donor_552@example.com,ORGANIC,True
user_553,donor_553@example.com,ORGANIC,True
user_554,donor_554@example.com,ORGANIC,True
user_555,donor_555@example.com,ORGANIC,True
user_556,donor_556@example.com,ORGANIC,True
user_557,donor_557@example.com,ORGANIC,True
user_558,donor_558@example.com,ORGANIC,False
user_559,donor_559@example.com,ORGANIC,True
user_560,donor_560@example.com,ORGANIC,True
user_561,donor_561@example.com,ORGANIC,True
user_562,donor_562@example.com,ORGANIC,True
user_563,donor_563@example.com,ORGANIC,True
user_564,donor_564@example.com,ORGANIC,True
user_565,donor_565@example.com,ORGANIC,False
user_566,donor_566@example.com,ORGANIC,False
user_567,donor_567@example.com,ORGANIC,True
user_568,donor_568@example.com,ORGANIC,True
user_569,donor_569@example.com,ORGANIC,True
user_570,donor_570@example.com,ORGANIC,True
user_571,donor_571@example.com,ORGANIC,True
user_572,donor_572@example.com,ORGANIC,True
user_573,donor_573@example.com,ORGANIC,True
user_574,donor_574@example.com,ORGANIC,True
user_575,donor_575@example.com,ORGANIC,True
user_576,donor_576@example.com,ORGANIC,True
user_577,donor_577@example.com,ORGANIC,True
user_578,donor_578@example.com,ORGANIC,True
user_579,donor_579@example.com,ORGANIC,False
user_580,donor_580@example.com,ORGANIC,True
user_581,donor_581@example.com,ORGANIC,True
user_582,donor_582@example.com,ORGANIC,True
user_583,donor_583@example.com,ORGANIC,False
user_584,donor_584@example.com,ORGANIC,True
user_585,donor_585@example.com,ORGANIC,True
user_586,donor_586@example.com,ORGANIC,True
user_587,donor_587@example.com,ORGANIC,True
user_588,donor_588@example.com,ORGANIC,True
user_589,donor_589@example.com,ORGANIC,False
user_590,donor_590@example.com,ORGANIC,True
user_591,donor_591@example.com,ORGANIC,True
user_592,donor_592@example.com,ORGANIC,True
user_593,donor_593@example.com,ORGANIC,True
user_594,donor_594@example.com,ORGANIC,True
user_595,donor_595@example.com,ORGANIC,True
user_596,donor_596@example.com,ORGANIC,True
user_597,donor_597@example.com,ORGANIC,True
user_598,donor_598@example.com,ORGANIC,True
user_599,donor_599@example.com,ORGANIC,True
user_600,donor_600@example.com,ORGANIC,True
user_601,donor_601@example.com,ORGANIC,True
user_602,donor_602@example.com,ORGANIC,True
user_603,donor_603@example.com,ORGANIC,True
user_604,donor_604@example.com,ORGANIC,True
user_605,donor_605@example.com,ORGANIC,True
user_606,donor_606@example.com,ORGANIC,True
user_607,donor_607@example.com,ORGANIC,False
user_608,donor_608@example.com,ORGANIC,True
user_609,donor_609@example.com,ORGANIC,False
user_610,donor_610@example.com,ORGANIC,True
user_611,donor_611@example.com,ORGANIC,True
user_612,donor_612@example.com,ORGANIC,True
user_613,donor_613@example.com,ORGANIC,True
user_614,donor_614@example.com,ORGANIC,True
user_615,donor_615@example.com,ORGANIC,True
user_616,donor_616@example.com,ORGANIC,False
user_617,donor_617@example.com,ORGANIC,True
user_618,donor_618@example.com,ORGANIC,True
user_619,donor_619@example.com,ORGANIC,True
user_620,donor_620@example.com,ORGANIC,True
user_621,donor_621@example.com,ORGANIC,True
user_622,donor_622@example.com,ORGANIC,True
user_623,donor_623@example.com,ORGANIC,True
user_624,donor_624@example.com,ORGANIC,True
user_625,donor_625@example.com,ORGANIC,True
user_626,donor_626@example.com,ORGANIC,True
user_627,donor_627@example.com,ORGANIC,True
user_628,donor_628@example.com,ORGANIC,True
user_629,donor_629@example.com,ORGANIC,True
user_630,donor_630@example.com,ORGANIC,True
user_631,donor_631@example.com,ORGANIC,True
user_632,donor_632@example.com,ORGANIC,True
user_633,donor_633@example.com,ORGANIC,True
user_634,donor_634@example.com,ORGANIC,True
user_635,donor_635@example.com,ORGANIC,True
user_636,donor_636@example.com,ORGANIC,False
user_637,donor_637@example.com,ORGANIC,True
user_638,donor_638@example.com,ORGANIC,True
user_639,donor_639@example.com,ORGANIC,False
user_640,donor_640@example.com,ORGANIC,True
user_641,donor_641@example.com,ORGANIC,True
user_642,donor_642@example.com,ORGANIC,True
user_643,donor_643@example.com,ORGANIC,False
user_644,donor_644@example.com,ORGANIC,True
user_645,donor_645@example.com,ORGANIC,True
user_646,donor_646@example.com,ORGANIC,True
user_647,donor_647@example.com,ORGANIC,True
user_648,donor_648@example.com,ORGANIC,False
user_649,donor_649@example.com,ORGANIC,False
user_650,donor_650@example.com,ORGANIC,True
user_651,donor_651@example.com,ORGANIC,False
user_652,donor_652@example.com,ORGANIC,True
user_653,donor_653@example.com,ORGANIC,False
user_654,donor_654@example.com,ORGANIC,True
user_655,donor_655@example.com,ORGANIC,True
user_656,donor_656@example.com,ORGANIC,True
user_657,donor_657@example.com,ORGANIC,True
user_658,donor_658@example.com,ORGANIC,True
user_659,donor_659@example.com,ORGANIC,False
user_660,donor_660@example.com,ORGANIC,True
user_661,donor_661@example.com,ORGANIC,False
user_662,donor_662@example.com,ORGANIC,True
user_663,donor_663@example.com,ORGANIC,True
user_664,donor_664@example.com,ORGANIC,True
user_665,donor_665@example.com,ORGANIC,True
user_666,donor_666@example.com,ORGANIC,True
user_667,donor_667@example.com,ORGANIC,True
user_668,donor_668@example.com,ORGANIC,True
user_669,donor_669@example.com,ORGANIC,True
user_670,donor_670@example.com,ORGANIC,True
user_671,donor_671@example.com,ORGANIC,True
user_672,donor_672@example.com,ORGANIC,True
user_673,donor_673@example.com,ORGANIC,True
user_674,donor_674@example.com,ORGANIC,True
user_675,donor_675@example.com,ORGANIC,True
user_676,donor_676@example.com,ORGANIC,True
user_677,donor_677@example.com,ORGANIC,True
user_678,donor_678@example.com,ORGANIC,True
user_679,donor_679@example.com,ORGANIC,False
user_680,donor_680@example.com,ORGANIC,True
user_681,donor_681@example.com,ORGANIC,True
user_682,donor_682@example.com,ORGANIC,True
user_683,donor_683@example.com,ORGANIC,True
user_684,donor_684@example.com,ORGANIC,True
user_685,donor_685@example.com,ORGANIC,True
user_686,donor_686@example.com,ORGANIC,True
user_687,donor_687@example.com,ORGANIC,True
user_688,donor_688@example.com,ORGANIC,True
user_689,donor_689@example.com,ORGANIC,True
user_690,donor_690@example.com,ORGANIC,True
user_691,donor_691@example.com,ORGANIC,True
user_692,donor_692@example.com,ORGANIC,True
user_693,donor_693@example.com,ORGANIC,False
user_694,donor_694@example.com,ORGANIC,True
user_695,donor_695@example.com,ORGANIC,True
user_696,donor_696@example.com,ORGANIC,True
user_697,donor_697@example.com,ORGANIC,True
user_698,donor_698@example.com,ORGANIC,True
user_699,donor_699@example.com,ORGANIC,True
user_700,donor_700@example.com,ORGANIC,True
user_701,donor_701@example.com,ORGANIC,True
user_702,donor_702@example.com,ORGANIC,True
user_703,donor_703@example.com,ORGANIC,True
user_704,donor_704@example.com,ORGANIC,True
user_705,donor_705@example.com,ORGANIC,True
user_706,donor_706@example.com,ORGANIC,True
user_707,donor_707@example.com,ORGANIC,True
user_708,donor_708@example.com,ORGANIC,True
user_709,donor_709@example.com,ORGANIC,True
user_710,donor_710@example.com,ORGANIC,True
user_711,donor_711@example.com,ORGANIC,True
user_712,donor_712@example.com,ORGANIC,False
user_713,donor_713@example.com,ORGANIC,True
user_714,donor_714@example.com,ORGANIC,False
user_715,donor_715@example.com,ORGANIC,True
user_716,donor_716@example.com,ORGANIC,True
user_717,donor_717@example.com,ORGANIC,True
user_718,donor_718@example.com,ORGANIC,True
user_719,donor_719@example.com,ORGANIC,True
user_720,donor_720@example.com,ORGANIC,True
user_721,donor_721@example.com,ORGANIC,True
user_722,donor_722@example.com,ORGANIC,False
user_723,donor_723@example.com,ORGANIC,True
user_724,donor_724@example.com,ORGANIC,False
user_725,donor_725@example.com,ORGANIC,True
user_726,donor_726@example.com,ORGANIC,True
user_727,donor_727@example.com,ORGANIC,True
user_728,donor_728@example.com,ORGANIC,True
user_729,donor_729@example.com,ORGANIC,True
user_730,donor_730@example.com,ORGANIC,True
user_731,donor_731@example.com,ORGANIC,True
user_732,donor_732@example.com,ORGANIC,True
user_733,donor_733@example.com,ORGANIC,False
user_734,donor_734@example.com,ORGANIC,True
user_735,donor_735@example.com,ORGANIC,True
user_736,donor_736@example.com,ORGANIC,False
user_737,donor_737@example.com,ORGANIC,True
user_738,donor_738@example.com,ORGANIC,True
user_739,donor_739@example.com,ORGANIC,False
user_740,donor_740@example.com,ORGANIC,True
user_741,donor_741@example.com,ORGANIC,True
user_742,donor_742@example.com,ORGANIC,True
user_743,donor_743@example.com,ORGANIC,True
user_744,donor_744@example.com,ORGANIC,False
user_745,donor_745@example.com,ORGANIC,True
user_746,donor_746@example.com,ORGANIC,True
user_747,donor_747@example.com,ORGANIC,True
user_748,donor_748@example.com,ORGANIC,True
user_749,donor_749@example.com,ORGANIC,False
user_750,donor_750@example.com,ORGANIC,True
user_751,donor_751@example.com,ORGANIC,True
user_752,donor_752@example.com,ORGANIC,True
user_753,donor_753@example.com,ORGANIC,True
user_754,donor_754@example.com,ORGANIC,True
user_755,donor_755@example.com,ORGANIC,True
user_756,donor_756@example.com,ORGANIC,True
user_757,donor_757@example.com,ORGANIC,True
user_758,donor_758@example.com,ORGANIC,True
user_759,donor_759@example.com,ORGANIC,True
user_760,donor_760@example.com,ORGANIC,True
user_761,donor_761@example.com,ORGANIC,True
user_762,donor_762@example.com,ORGANIC,True
user_763,donor_763@example.com,ORGANIC,True
user_764,donor_764@example.com,ORGANIC,False
user_765,donor_765@example.com,ORGANIC,True
user_766,donor_766@example.com,ORGANIC,True
user_767,donor_767@example.com,ORGANIC,True
user_768,donor_768@example.com,ORGANIC,True
user_769,donor_769@example.com,ORGANIC,True
user_770,donor_770@example.com,ORGANIC,False
user_771,donor_771@example.com,ORGANIC,True
user_772,donor_772@example.com,ORGANIC,True
user_773,donor_773@example.com,ORGANIC,True
user_774,donor_774@example.com,ORGANIC,True
user_775,donor_775@example.com,ORGANIC,True
user_776,donor_776@example.com,ORGANIC,True
user_777,donor_777@example.com,ORGANIC,True
user_778,donor_778@example.com,ORGANIC,True
user_779,donor_779@example.com,ORGANIC,False
user_780,donor_780@example.com,ORGANIC,False
user_781,donor_781@example.com,ORGANIC,False
user_782,donor_782@example.com,ORGANIC,False
user_783,donor_783@example.com,ORGANIC,True
user_784,donor_784@example.com,ORGANIC,False
user_785,donor_785@example.com,ORGANIC,True
user_786,donor_786@example.com,ORGANIC,True
user_787,donor_787@example.com,ORGANIC,True
user_788,donor_788@example.com,ORGANIC,True
user_789,donor_789@example.com,ORGANIC,True
user_790,donor_790@example.com,ORGANIC,True
user_791,donor_791@example.com,ORGANIC,True
user_792,donor_792@example.com,ORGANIC,True
user_793,donor_793@example.com,ORGANIC,False
user_794,donor_794@example.com,ORGANIC,True
user_795,donor_795@example.com,ORGANIC,False
user_796,donor_796@example.com,ORGANIC,True
user_797,donor_797@example.com,ORGANIC,True
user_798,donor_798@example.com,ORGANIC,False
user_799,donor_799@example.com,ORGANIC,False
user_800,donor_800@example.com,ORGANIC,True
user_801,donor_801@example.com,ORGANIC,False
user_802,donor_802@example.com,ORGANIC,True
user_803,donor_803@example.com,ORGANIC,False
user_804,donor_804@example.com,ORGANIC,True
user_805,donor_805@example.com,ORGANIC,True
user_806,donor_806@example.com,ORGANIC,False
user_807,donor_807@example.com,ORGANIC,True
user_808,donor_808@example.com,ORGANIC,False
user_809,donor_809@example.com,ORGANIC,True
user_810,donor_810@example.com,ORGANIC,False
user_811,donor_811@example.com,ORGANIC,True
user_812,donor_812@example.com,ORGANIC,True
user_813,donor_813@example.com,ORGANIC,False
user_814,donor_814@example.com,ORGANIC,True
user_815,donor_815@example.com,ORGANIC,True
user_816,donor_816@example.com,ORGANIC,True
user_817,donor_817@example.com,ORGANIC,True
user_818,donor_818@example.com,ORGANIC,True
user_819,donor_819@example.com,ORGANIC,True
user_820,donor_820@example.com,ORGANIC,True
user_821,donor_821@example.com,ORGANIC,True
user_822,donor_822@example.com,ORGANIC,True
user_823,donor_823@example.com,ORGANIC,True
user_824,donor_824@example.com,ORGANIC,True
user_825,donor_825@example.com,ORGANIC,True
user_826,donor_826@example.com,ORGANIC,True
user_827,donor_827@example.com,ORGANIC,True
user_828,donor_828@example.com,ORGANIC,False
user_829,donor_829@example.com,ORGANIC,True
user_830,donor_830@example.com,ORGANIC,True
user_831,donor_831@example.com,ORGANIC,True
user_832,donor_832@example.com,ORGANIC,True
user_833,donor_833@example.com,ORGANIC,True
user_834,donor_834@example.com,ORGANIC,True
user_835,donor_835@example.com,ORGANIC,True
user_836,donor_836@example.com,ORGANIC,True
user_837,donor_837@example.com,ORGANIC,True
user_838,donor_838@example.com,ORGANIC,True
user_839,donor_839@example.com,ORGANIC,True
user_840,donor_840@example.com,ORGANIC,True
user_841,donor_841@example.com,ORGANIC,True
user_842,donor_842@example.com,ORGANIC,True
user_843,donor_843@example.com,ORGANIC,True
user_844,donor_844@example.com,ORGANIC,True
user_845,donor_845@example.com,ORGANIC,True
user_846,donor_846@example.com,ORGANIC,True
user_847,donor_847@example.com,ORGANIC,True
user_848,donor_848@example.com,ORGANIC,True
user_849,donor_849@example.com,ORGANIC,True
user_850,donor_850@example.com,ORGANIC,True
user_851,donor_851@example.com,ORGANIC,True
user_852,donor_852@example.com,ORGANIC,False
user_853,donor_853@example.com,ORGANIC,True
user_854,donor_854@example.com,ORGANIC,True
user_855,donor_855@example.com,ORGANIC,True
user_856,donor_856@example.com,ORGANIC,False
user_857,donor_857@example.com,ORGANIC,True
user_858,donor_858@example.com,ORGANIC,True
user_859,donor_859@example.com,ORGANIC,False
user_860,donor_860@example.com,ORGANIC,False
user_861,donor_861@example.com,ORGANIC,True
user_862,donor_862@example.com,ORGANIC,True
user_863,donor_863@example.com,ORGANIC,False
user_864,donor_864@example.com,ORGANIC,True
user_865,donor_865@example.com,ORGANIC,False
user_866,donor_866@example.com,ORGANIC,True
user_867,donor_867@example.com,ORGANIC,True
user_868,donor_868@example.com,ORGANIC,True
user_869,donor_869@example.com,ORGANIC,True
user_870,donor_870@example.com,ORGANIC,True
user_871,donor_871@example.com,ORGANIC,True
user_872,donor_872@example.com,ORGANIC,True
user_873,donor_873@example.com,ORGANIC,True
user_874,donor_874@example.com,ORGANIC,True
user_875,donor_875@example.com,ORGANIC,True
user_876,donor_876@example.com,ORGANIC,False
user_877,donor_877@example.com,ORGANIC,True
user_878,donor_878@example.com,ORGANIC,True
user_879,donor_879@example.com,ORGANIC,True
user_880,donor_880@example.com,ORGANIC,True
user_881,donor_881@example.com,ORGANIC,False
user_882,donor_882@example.com,ORGANIC,True
user_883,donor_883@example.com,ORGANIC,True
user_884,donor_884@example.com,ORGANIC,True
user_885,donor_885@example.com,ORGANIC,True
user_886,donor_886@example.com,ORGANIC,True
user_887,donor_887@example.com,ORGANIC,True
user_888,donor_888@example.com,ORGANIC,False
user_889,donor_889@example.com,ORGANIC,False
user_890,donor_890@example.com,ORGANIC,True
user_891,donor_891@example.com,ORGANIC,True
user_892,donor_892@example.com,ORGANIC,True
user_893,donor_893@example.com,ORGANIC,True
user_894,donor_894@example.com,ORGANIC,True
user_895,donor_895@example.com,ORGANIC,True
user_896,donor_896@example.com,ORGANIC,True
user_897,donor_897@example.com,ORGANIC,False
user_898,donor_898@example.com,ORGANIC,True
user_899,donor_899@example.com,ORGANIC,True
user_900,donor_900@example.com,ORGANIC,False
user_901,donor_901@example.com,ORGANIC,False
user_902,donor_902@example.com,ORGANIC,True
user_903,donor_903@example.com,ORGANIC,True
user_904,donor_904@example.com,ORGANIC,True
user_905,donor_905@example.com,ORGANIC,True
user_906,donor_906@example.com,ORGANIC,True
user_907,donor_907@example.com,ORGANIC,True
user_908,donor_908@example.com,ORGANIC,True
user_909,donor_909@example.com,ORGANIC,True
user_910,donor_910@example.com,ORGANIC,True
user_911,donor_911@example.com,ORGANIC,False
user_912,donor_912@example.com,ORGANIC,True
user_913,donor_913@example.com,ORGANIC,True
user_914,donor_914@example.com,ORGANIC,True
user_915,donor_915@example.com,ORGANIC,True
user_916,donor_916@example.com,ORGANIC,True
user_917,donor_917@example.com,ORGANIC,True
user_918,donor_918@example.com,ORGANIC,True
user_919,donor_919@example.com,ORGANIC,True
user_920,donor_920@example.com,ORGANIC,True
user_921,donor_921@example.com,ORGANIC,False
user_922,donor_922@example.com,ORGANIC,True
user_923,donor_923@example.com,ORGANIC,True
user_924,donor_924@example.com,ORGANIC,True
user_925,donor_925@example.com,ORGANIC,True
user_926,donor_926@example.com,ORGANIC,True
user_927,donor_927@example.com,ORGANIC,False
user_928,donor_928@example.com,ORGANIC,True
user_929,donor_929@example.com,ORGANIC,True
user_930,donor_930@example.com,ORGANIC,True
user_931,donor_931@example.com,ORGANIC,True
user_932,donor_932@example.com,ORGANIC,True
user_933,donor_933@example.com,ORGANIC,True
user_934,donor_934@example.com,ORGANIC,True
user_935,donor_935@example.com,ORGANIC,True
user_936,donor_936@example.com,ORGANIC,False
user_937,donor_937@example.com,ORGANIC,True
user_938,donor_938@example.com,ORGANIC,False
user_939,donor_939@example.com,ORGANIC,True
user_940,donor_940@example.com,ORGANIC,True
user_941,donor_941@example.com,ORGANIC,False
user_942,donor_942@example.com,ORGANIC,True
user_943,donor_943@example.com,ORGANIC,True
user_944,donor_944@example.com,ORGANIC,True
user_945,donor_945@example.com,ORGANIC,True
user_946,donor_946@example.com,ORGANIC,True
user_947,donor_947@example.com,ORGANIC,False
user_948,donor_948@example.com,ORGANIC,False
user_949,donor_949@example.com,ORGANIC,False
user_950,donor_950@example.com,ORGANIC,True
user_951,donor_951@example.com,ORGANIC,True
user_952,donor_952@example.com,ORGANIC,True
user_953,donor_953@example.com,ORGANIC,True
user_954,donor_954@example.com,ORGANIC,True
user_955,donor_955@example.com,ORGANIC,True
user_956,donor_956@example.com,ORGANIC,True
user_957,donor_957@example.com,ORGANIC,False
user_958,donor_958@example.com,ORGANIC,True
user_959,donor_959@example.com,ORGANIC,False
user_960,donor_960@example.com,ORGANIC,True
user_961,donor_961@example.com,ORGANIC,True
user_962,donor_962@example.com,ORGANIC,True
user_963,donor_963@example.com,ORGANIC,True
user_964,donor_964@example.com,ORGANIC,True
user_965,donor_965@example.com,ORGANIC,True
user_966,donor_966@example.com,ORGANIC,True
user_967,donor_967@example.com,ORGANIC,True
user_968,donor_968@example.com,ORGANIC,True
user_969,donor_969@example.com,ORGANIC,False
user_970,donor_970@example.com,ORGANIC,True
user_971,donor_971@example.com,ORGANIC,True
user_972,donor_972@example.com,ORGANIC,True
user_973,donor_973@example.com,ORGANIC,False
user_974,donor_974@example.com,ORGANIC,True
user_975,donor_975@example.com,ORGANIC,True
user_976,donor_976@example.com,ORGANIC,True
user_977,donor_977@example.com,ORGANIC,True
user_978,donor_978@example.com,ORGANIC,True
user_979,donor_979@example.com,ORGANIC,False
user_980,donor_980@example.com,ORGANIC,True
user_981,donor_981@example.com,ORGANIC,True
user_982,donor_982@example.com,ORGANIC,True
user_983,donor_983@example.com,ORGANIC,False
user_984,donor_984@example.com,ORGANIC,False
user_985,donor_985@example.com,ORGANIC,True
user_986,donor_986@example.com,ORGANIC,False
user_987,donor_987@example.com,ORGANIC,True
user_988,donor_988@example.com,ORGANIC,False
user_989,donor_989@example.com,ORGANIC,True
user_990,donor_990@example.com,ORGANIC,False
user_991,donor_991@example.com,ORGANIC,True
user_992,donor_992@example.com,ORGANIC,False
user_993,donor_993@example.com,ORGANIC,True
user_994,donor_994@example.com,ORGANIC,True
user_995,donor_995@example.com,ORGANIC,True
user_996,donor_996@example.com,ORGANIC,False
user_997,donor_997@example.com,ORGANIC,True
user_998,donor_998@example.com,ORGANIC,False
user_999,donor_999@example.com,ORGANIC,True
user_1000,donor_1000@example.com,ORGANIC,False
user_1001,donor_1001@example.com,ORGANIC,True
user_1002,donor_1002@example.com,ORGANIC,True
user_1003,donor_1003@example.com,ORGANIC,True
user_1004,donor_1004@example.com,ORGANIC,True
user_1005,donor_1005@example.com,ORGANIC,False
user_1006,donor_1006@example.com,ORGANIC,True
user_1007,donor_1007@example.com,ORGANIC,True
user_1008,donor_1008@example.com,ORGANIC,False
user_1009,donor_1009@example.com,ORGANIC,False
user_1010,donor_1010@example.com,ORGANIC,True
user_1011,donor_1011@example.com,ORGANIC,True
user_1012,donor_1012@example.com,ORGANIC,True
user_1013,donor_1013@example.com,ORGANIC,True
user_1014,donor_1014@example.com,ORGANIC,True
user_1015,donor_1015@example.com,ORGANIC,True
user_1016,donor_1016@example.com,ORGANIC,False
user_1017,donor_1017@example.com,ORGANIC,False
user_1018,donor_1018@example.com,ORGANIC,True
user_1019,donor_1019@example.com,ORGANIC,True
user_1020,donor_1020@example.com,ORGANIC,True
user_1021,donor_1021@example.com,ORGANIC,True
user_1022,donor_1022@example.com,ORGANIC,True
user_1023,donor_1023@example.com,ORGANIC,True
user_1024,donor_1024@example.com,ORGANIC,True
user_1025,donor_1025@example.com,ORGANIC,True
user_1026,donor_1026@example.com,ORGANIC,True
user_1027,donor_1027@example.com,ORGANIC,True
user_1028,donor_1028@example.com,ORGANIC,True
user_1029,donor_1029@example.com,ORGANIC,False
user_1030,donor_1030@example.com,ORGANIC,True
user_1031,donor_1031@example.com,ORGANIC,True
user_1032,donor_1032@example.com,ORGANIC,True
user_1033,donor_1033@example.com,ORGANIC,True
user_1034,donor_1034@example.com,ORGANIC,True
user_1035,donor_1035@example.com,ORGANIC,True
user_1036,donor_1036@example.com,ORGANIC,True
user_1037,donor_1037@example.com,ORGANIC,True
user_1038,donor_1038@example.com,ORGANIC,True
user_1039,donor_1039@example.com,ORGANIC,True
user_1040,donor_1040@example.com,ORGANIC,True
user_1041,donor_1041@example.com,ORGANIC,True
user_1042,donor_1042@example.com,ORGANIC,True
user_1043,donor_1043@example.com,ORGANIC,True
user_1044,donor_1044@example.com,ORGANIC,True
user_1045,donor_1045@example.com,ORGANIC,True
user_1046,donor_1046@example.com,ORGANIC,False
user_1047,donor_1047@example.com,ORGANIC,True
user_1048,donor_1048@example.com,ORGANIC,True
user_1049,donor_1049@example.com,ORGANIC,True
user_1050,donor_1050@example.com,ORGANIC,True
user_1051,donor_1051@example.com,ORGANIC,True
user_1052,donor_1052@example.com,ORGANIC,True
user_1053,donor_1053@example.com,ORGANIC,True
user_1054,donor_1054@example.com,ORGANIC,False
user_1055,donor_1055@example.com,ORGANIC,True
user_1056,donor_1056@example.com,ORGANIC,False
user_1057,donor_1057@example.com,ORGANIC,True
user_1058,donor_1058@example.com,ORGANIC,True
user_1059,donor_1059@example.com,ORGANIC,True
user_1060,donor_1060@example.com,ORGANIC,True
user_1061,donor_1061@example.com,ORGANIC,True
user_1062,donor_1062@example.com,ORGANIC,True
user_1063,donor_1063@example.com,ORGANIC,True
user_1064,donor_1064@example.com,ORGANIC,True
user_1065,donor_1065@example.com,ORGANIC,True
user_1066,donor_1066@example.com,ORGANIC,False
user_1067,donor_1067@example.com,ORGANIC,True
user_1068,donor_1068@example.com,ORGANIC,True
user_1069,donor_1069@example.com,ORGANIC,True
user_1070,donor_1070@example.com,ORGANIC,False
user_1071,donor_1071@example.com,ORGANIC,False
user_1072,donor_1072@example.com,ORGANIC,True
user_1073,donor_1073@example.com,ORGANIC,True
user_1074,donor_1074@example.com,ORGANIC,True
user_1075,donor_1075@example.com,ORGANIC,True
user_1076,donor_1076@example.com,ORGANIC,False
user_1077,donor_1077@example.com,ORGANIC,True
user_1078,donor_1078@example.com,ORGANIC,True
user_1079,donor_1079@example.com,ORGANIC,False
user_1080,donor_1080@example.com,ORGANIC,True
user_1081,donor_1081@example.com,ORGANIC,False
user_1082,donor_1082@example.com,ORGANIC,True
user_1083,donor_1083@example.com,ORGANIC,True
user_1084,donor_1084@example.com,ORGANIC,False
user_1085,donor_1085@example.com,ORGANIC,True
user_1086,donor_1086@example.com,ORGANIC,True
user_1087,donor_1087@example.com,ORGANIC,True
user_1088,donor_1088@example.com,ORGANIC,True
user_1089,donor_1089@example.com,ORGANIC,True
user_1090,donor_1090@example.com,ORGANIC,True
user_1091,donor_1091@example.com,ORGANIC,True
user_1092,donor_1092@example.com,ORGANIC,True
user_1093,donor_1093@example.com,ORGANIC,True
user_1094,donor_1094@example.com,ORGANIC,True
user_1095,donor_1095@example.com,ORGANIC,True
user_1096,donor_1096@example.com,ORGANIC,True
user_1097,donor_1097@example.com,ORGANIC,True
user_1098,donor_1098@example.com,ORGANIC,True
user_1099,donor_1099@example.com,ORGANIC,True
user_1100,donor_1100@example.com,ORGANIC,True
user_1101,donor_1101@example.com,ORGANIC,True
user_1102,donor_1102@example.com,ORGANIC,True
user_1103,donor_1103@example.com,ORGANIC,True
user_1104,donor_1104@example.com,ORGANIC,False
user_1105,donor_1105@example.com,ORGANIC,True
user_1106,donor_1106@example.com,ORGANIC,True
user_1107,donor_1107@example.com,ORGANIC,True
user_1108,donor_1108@example.com,ORGANIC,True
user_1109,donor_1109@example.com,ORGANIC,False
user_1110,donor_1110@example.com,ORGANIC,True
user_1111,donor_1111@example.com,ORGANIC,True
user_1112,donor_1112@example.com,ORGANIC,True
user_1113,donor_1113@example.com,ORGANIC,True
user_1114,donor_1114@example.com,ORGANIC,False
user_1115,donor_1115@example.com,ORGANIC,True
user_1116,donor_1116@example.com,ORGANIC,True
user_1117,donor_1117@example.com,ORGANIC,True
user_1118,donor_1118@example.com,ORGANIC,True
user_1119,donor_1119@example.com,ORGANIC,True
user_1120,donor_1120@example.com,ORGANIC,False
user_1121,donor_1121@example.com,ORGANIC,True
user_1122,donor_1122@example.com,ORGANIC,False
user_1123,donor_1123@example.com,ORGANIC,False
user_1124,donor_1124@example.com,ORGANIC,True
user_1125,donor_1125@example.com,ORGANIC,True
user_1126,donor_1126@example.com,ORGANIC,True
user_1127,donor_1127@example.com,ORGANIC,True
user_1128,donor_1128@example.com,ORGANIC,True
user_1129,donor_1129@example.com,ORGANIC,False
user_1130,donor_1130@example.com,ORGANIC,False
user_1131,donor_1131@example.com,ORGANIC,True
user_1132,donor_1132@example.com,ORGANIC,True
user_1133,donor_1133@example.com,ORGANIC,True
user_1134,donor_1134@example.com,ORGANIC,True
user_1135,donor_1135@example.com,ORGANIC,True
user_1136,donor_1136@example.com,ORGANIC,False
user_1137,donor_1137@example.com,ORGANIC,True
user_1138,donor_1138@example.com,ORGANIC,False
user_1139,donor_1139@example.com,ORGANIC,True
user_1140,donor_1140@example.com,ORGANIC,True
user_1141,donor_1141@example.com,ORGANIC,False
user_1142,donor_1142@example.com,ORGANIC,True
user_1143,donor_1143@example.com,ORGANIC,True
user_1144,donor_1144@example.com,ORGANIC,True
user_1145,donor_1145@example.com,ORGANIC,True
user_1146,donor_1146@example.com,ORGANIC,True
user_1147,donor_1147@example.com,ORGANIC,True
user_1148,donor_1148@example.com,ORGANIC,True
user_1149,donor_1149@example.com,ORGANIC,False
user_1150,donor_1150@example.com,ORGANIC,True
user_1151,donor_1151@example.com,ORGANIC,False
user_1152,donor_1152@example.com,ORGANIC,True
user_1153,donor_1153@example.com,ORGANIC,True
user_1154,donor_1154@example.com,ORGANIC,True
user_1155,donor_1155@example.com,ORGANIC,True
user_1156,donor_1156@example.com,ORGANIC,True
user_1157,donor_1157@example.com,ORGANIC,True
user_1158,donor_1158@example.com,ORGANIC,True
user_1159,donor_1159@example.com,ORGANIC,True
user_1160,donor_1160@example.com,ORGANIC,False
user_1161,donor_1161@example.com,ORGANIC,True
user_1162,donor_1162@example.com,ORGANIC,False
user_1163,donor_1163@example.com,ORGANIC,False
user_1164,donor_1164@example.com,ORGANIC,True
user_1165,donor_1165@example.com,ORGANIC,False
user_1166,donor_1166@example.com,ORGANIC,True
user_1167,donor_1167@example.com,ORGANIC,True
user_1168,donor_1168@example.com,ORGANIC,True
user_1169,donor_1169@example.com,ORGANIC,True
user_1170,donor_1170@example.com,ORGANIC,True
user_1171,donor_1171@example.com,ORGANIC,True
user_1172,donor_1172@example.com,ORGANIC,True
user_1173,donor_1173@example.com,ORGANIC,False
user_1174,donor_1174@example.com,ORGANIC,True
user_1175,donor_1175@example.com,ORGANIC,False
user_1176,donor_1176@example.com,ORGANIC,True
user_1177,donor_1177@example.com,ORGANIC,True
user_1178,donor_1178@example.com,ORGANIC,True
user_1179,donor_1179@example.com,ORGANIC,True
user_1180,donor_1180@example.com,ORGANIC,True
user_1181,donor_1181@example.com,ORGANIC,False
user_1182,donor_1182@example.com,ORGANIC,False
user_1183,donor_1183@example.com,ORGANIC,True
user_1184,donor_1184@example.com,ORGANIC,False
user_1185,donor_1185@example.com,ORGANIC,True
user_1186,donor_1186@example.com,ORGANIC,True
user_1187,donor_1187@example.com,ORGANIC,False
user_1188,donor_1188@example.com,ORGANIC,False
user_1189,donor_1189@example.com,ORGANIC,False
user_1190,donor_1190@example.com,ORGANIC,False
user_1191,donor_1191@example.com,ORGANIC,True
user_1192,donor_1192@example.com,ORGANIC,True
user_1193,donor_1193@example.com,ORGANIC,True
user_1194,donor_1194@example.com,ORGANIC,False
user_1195,donor_1195@example.com,ORGANIC,True
user_1196,donor_1196@example.com,ORGANIC,True
user_1197,donor_1197@example.com,ORGANIC,False
user_1198,donor_1198@example.com,ORGANIC,False
user_1199,donor_1199@example.com,ORGANIC,True
user_1200,donor_1200@example.com,ORGANIC,True
user_1201,donor_1201@example.com,ORGANIC,False
user_1202,donor_1202@example.com,ORGANIC,False
user_1203,donor_1203@example.com,ORGANIC,True
user_1204,donor_1204@example.com,ORGANIC,True
user_1205,donor_1205@example.com,ORGANIC,True
user_1206,donor_1206@example.com,ORGANIC,True
user_1207,donor_1207@example.com,ORGANIC,False
user_1208,donor_1208@example.com,ORGANIC,True
user_1209,donor_1209@example.com,ORGANIC,True
user_1210,donor_1210@example.com,ORGANIC,True
user_1211,donor_1211@example.com,ORGANIC,True
user_1212,donor_1212@example.com,ORGANIC,True
user_1213,donor_1213@example.com,ORGANIC,False
user_1214,donor_1214@example.com,ORGANIC,False
user_1215,donor_1215@example.com,ORGANIC,True
user_1216,donor_1216@example.com,ORGANIC,True
user_1217,donor_1217@example.com,ORGANIC,True
user_1218,donor_1218@example.com,ORGANIC,True
user_1219,donor_1219@example.com,ORGANIC,True
user_1220,donor_1220@example.com,ORGANIC,True
user_1221,donor_1221@example.com,ORGANIC,False
user_1222,donor_1222@example.com,ORGANIC,True
user_1223,donor_1223@example.com,ORGANIC,True
user_1224,donor_1224@example.com,ORGANIC,True
user_1225,donor_1225@example.com,ORGANIC,True
user_1226,donor_1226@example.com,ORGANIC,True
user_1227,donor_1227@example.com,ORGANIC,False
user_1228,donor_1228@example.com,ORGANIC,True
user_1229,donor_1229@example.com,ORGANIC,False
user_1230,donor_1230@example.com,ORGANIC,True
user_1231,donor_1231@example.com,ORGANIC,True
user_1232,donor_1232@example.com,ORGANIC,True
user_1233,donor_1233@example.com,ORGANIC,True
user_1234,donor_1234@example.com,ORGANIC,True
user_1235,donor_1235@example.com,ORGANIC,True
user_1236,donor_1236@example.com,ORGANIC,True
user_1237,donor_1237@example.com,ORGANIC,True
user_1238,donor_1238@example.com,ORGANIC,True
user_1239,donor_1239@example.com,ORGANIC,False
user_1240,donor_1240@example.com,ORGANIC,False
user_1241,donor_1241@example.com,ORGANIC,True
user_1242,donor_1242@example.com,ORGANIC,False
user_1243,donor_1243@example.com,ORGANIC,True
user_1244,donor_1244@example.com,ORGANIC,False
user_1245,donor_1245@example.com,ORGANIC,True
user_1246,donor_1246@example.com,ORGANIC,True
user_1247,donor_1247@example.com,ORGANIC,True
user_1248,donor_1248@example.com,ORGANIC,False
user_1249,donor_1249@example.com,ORGANIC,True
user_1250,donor_1250@example.com,ORGANIC,True
user_1251,donor_1251@example.com,ORGANIC,True
user_1252,donor_1252@example.com,ORGANIC,True
user_1253,donor_1253@example.com,ORGANIC,True
user_1254,donor_1254@example.com,ORGANIC,True
user_1255,donor_1255@example.com,ORGANIC,True
user_1256,donor_1256@example.com,ORGANIC,False
user_1257,donor_1257@example.com,ORGANIC,True
user_1258,donor_1258@example.com,ORGANIC,True
user_1259,donor_1259@example.com,ORGANIC,False
user_1260,donor_1260@example.com,ORGANIC,True
user_1261,donor_1261@example.com,ORGANIC,True
user_1262,donor_1262@example.com,ORGANIC,True
user_1263,donor_1263@example.com,ORGANIC,True
user_1264,donor_1264@example.com,ORGANIC,True
user_1265,donor_1265@example.com,ORGANIC,True
user_1266,donor_1266@example.com,ORGANIC,False
user_1267,donor_1267@example.com,ORGANIC,False
user_1268,donor_1268@example.com,ORGANIC,True
user_1269,donor_1269@example.com,ORGANIC,True
user_1270,donor_1270@example.com,ORGANIC,True
user_1271,donor_1271@example.com,ORGANIC,True
user_1272,donor_1272@example.com,ORGANIC,False
user_1273,donor_1273@example.com,ORGANIC,True
user_1274,donor_1274@example.com,ORGANIC,True
user_1275,donor_1275@example.com,ORGANIC,False
user_1276,donor_1276@example.com,ORGANIC,True
user_1277,donor_1277@example.com,ORGANIC,True
user_1278,donor_1278@example.com,ORGANIC,True
user_1279,donor_1279@example.com,ORGANIC,True
user_1280,donor_1280@example.com,ORGANIC,True
user_1281,donor_1281@example.com,ORGANIC,True
user_1282,donor_1282@example.com,ORGANIC,False
user_1283,donor_1283@example.com,ORGANIC,True
user_1284,donor_1284@example.com,ORGANIC,False
user_1285,donor_1285@example.com,ORGANIC,True
user_1286,donor_1286@example.com,ORGANIC,True
user_1287,donor_1287@example.com,ORGANIC,True
user_1288,donor_1288@example.com,ORGANIC,True
user_1289,donor_1289@example.com,ORGANIC,True
user_1290,donor_1290@example.com,ORGANIC,True
user_1291,donor_1291@example.com,ORGANIC,True
user_1292,donor_1292@example.com,ORGANIC,True
user_1293,donor_1293@example.com,ORGANIC,True
user_1294,donor_1294@example.com,ORGANIC,True
user_1295,donor_1295@example.com,ORGANIC,True
user_1296,donor_1296@example.com,ORGANIC,True
user_1297,donor_1297@example.com,ORGANIC,False
user_1298,donor_1298@example.com,ORGANIC,True
user_1299,donor_1299@example.com,ORGANIC,True
user_1300,donor_1300@example.com,ORGANIC,True
user_1301,donor_1301@example.com,ORGANIC,True
user_1302,donor_1302@example.com,ORGANIC,True
user_1303,donor_1303@example.com,ORGANIC,True
user_1304,donor_1304@example.com,ORGANIC,False
user_1305,donor_1305@example.com,ORGANIC,True
user_1306,donor_1306@example.com,ORGANIC,True
user_1307,donor_1307@example.com,ORGANIC,False
user_1308,donor_1308@example.com,ORGANIC,True
user_1309,donor_1309@example.com,ORGANIC,False
user_1310,donor_1310@example.com,ORGANIC,True
user_1311,donor_1311@example.com,ORGANIC,False
user_1312,donor_1312@example.com,ORGANIC,False
user_1313,donor_1313@example.com,ORGANIC,True
user_1314,donor_1314@example.com,ORGANIC,True
user_1315,donor_1315@example.com,ORGANIC,True
user_1316,donor_1316@example.com,ORGANIC,True
user_1317,donor_1317@example.com,ORGANIC,False
user_1318,donor_1318@example.com,ORGANIC,False
user_1319,donor_1319@example.com,ORGANIC,True
user_1320,donor_1320@example.com,ORGANIC,True
user_1321,donor_1321@example.com,ORGANIC,True
user_1322,donor_1322@example.com,ORGANIC,True
user_1323,donor_1323@example.com,ORGANIC,True
user_1324,donor_1324@example.com,ORGANIC,True
user_1325,donor_1325@example.com,ORGANIC,True
user_1326,donor_1326@example.com,ORGANIC,False
user_1327,donor_1327@example.com,ORGANIC,False
user_1328,donor_1328@example.com,ORGANIC,True
user_1329,donor_1329@example.com,ORGANIC,True
user_1330,donor_1330@example.com,ORGANIC,True
user_1331,donor_1331@example.com,ORGANIC,True
user_1332,donor_1332@example.com,ORGANIC,True
user_1333,donor_1333@example.com,ORGANIC,True
user_1334,donor_1334@example.com,ORGANIC,False
user_1335,donor_1335@example.com,ORGANIC,True
user_1336,donor_1336@example.com,ORGANIC,True
user_1337,donor_1337@example.com,ORGANIC,False
user_1338,donor_1338@example.com,ORGANIC,False
user_1339,donor_1339@example.com,ORGANIC,True
user_1340,donor_1340@example.com,ORGANIC,False
user_1341,donor_1341@example.com,ORGANIC,True
user_1342,donor_1342@example.com,ORGANIC,False
user_1343,donor_1343@example.com,ORGANIC,True
user_1344,donor_1344@example.com,ORGANIC,False
user_1345,donor_1345@example.com,ORGANIC,True
user_1346,donor_1346@example.com,ORGANIC,True
user_1347,donor_1347@example.com,ORGANIC,True
user_1348,donor_1348@example.com,ORGANIC,True
user_1349,donor_1349@example.com,ORGANIC,False
user_1350,donor_1350@example.com,ORGANIC,True
user_1351,donor_1351@example.com,ORGANIC,True
user_1352,donor_1352@example.com,ORGANIC,True
user_1353,donor_1353@example.com,ORGANIC,True
user_1354,donor_1354@example.com,ORGANIC,True
user_1355,donor_1355@example.com,ORGANIC,True
user_1356,donor_1356@example.com,ORGANIC,True
user_1357,donor_1357@example.com,ORGANIC,False
user_1358,donor_1358@example.com,ORGANIC,True
user_1359,donor_1359@example.com,ORGANIC,True
user_1360,donor_1360@example.com,ORGANIC,True
user_1361,donor_1361@example.com,ORGANIC,True
user_1362,donor_1362@example.com,ORGANIC,True
user_1363,donor_1363@example.com,ORGANIC,False
user_1364,donor_1364@example.com,ORGANIC,True
user_1365,donor_1365@example.com,ORGANIC,False
user_1366,donor_1366@example.com,ORGANIC,True
user_1367,donor_1367@example.com,ORGANIC,True
user_1368,donor_1368@example.com,ORGANIC,True
user_1369,donor_1369@example.com,ORGANIC,True
user_1370,donor_1370@example.com,ORGANIC,True
user_1371,donor_1371@example.com,ORGANIC,True
user_1372,donor_1372@example.com,ORGANIC,True
user_1373,donor_1373@example.com,ORGANIC,True
user_1374,donor_1374@example.com,ORGANIC,True
user_1375,donor_1375@example.com,ORGANIC,True
user_1376,donor_1376@example.com,ORGANIC,False
user_1377,donor_1377@example.com,ORGANIC,True
user_1378,donor_1378@example.com,ORGANIC,True
user_1379,donor_1379@example.com,ORGANIC,False
user_1380,donor_1380@example.com,ORGANIC,True
user_1381,donor_1381@example.com,ORGANIC,True
user_1382,donor_1382@example.com,ORGANIC,True
user_1383,donor_1383@example.com,ORGANIC,True
user_1384,donor_1384@example.com,ORGANIC,False
user_1385,donor_1385@example.com,ORGANIC,True
user_1386,donor_1386@example.com,ORGANIC,True
user_1387,donor_1387@example.com,ORGANIC,True
user_1388,donor_1388@example.com,ORGANIC,False
user_1389,donor_1389@example.com,ORGANIC,True
user_1390,donor_1390@example.com,ORGANIC,False
user_1391,donor_1391@example.com,ORGANIC,True
user_1392,donor_1392@example.com,ORGANIC,True
user_1393,donor_1393@example.com,ORGANIC,False
user_1394,donor_1394@example.com,ORGANIC,True
user_1395,donor_1395@example.com,ORGANIC,False
user_1396,donor_1396@example.com,ORGANIC,True
user_1397,donor_1397@example.com,ORGANIC,True
user_1398,donor_1398@example.com,ORGANIC,True
user_1399,donor_1399@example.com,ORGANIC,True
user_1400,donor_1400@example.com,ORGANIC,True
user_1401,donor_1401@example.com,ORGANIC,True
user_1402,donor_1402@example.com,ORGANIC,True
user_1403,donor_1403@example.com,ORGANIC,False
user_1404,donor_1404@example.com,ORGANIC,True
user_1405,donor_1405@example.com,ORGANIC,True
user_1406,donor_1406@example.com,ORGANIC,True
user_1407,donor_1407@example.com,ORGANIC,True
user_1408,donor_1408@example.com,ORGANIC,True
user_1409,donor_1409@example.com,ORGANIC,False
user_1410,donor_1410@example.com,ORGANIC,True
user_1411,donor_1411@example.com,ORGANIC,True
user_1412,donor_1412@example.com,ORGANIC,True
user_1413,donor_1413@example.com,ORGANIC,True
user_1414,donor_1414@example.com,ORGANIC,True
user_1415,donor_1415@example.com,ORGANIC,False
user_1416,donor_1416@example.com,ORGANIC,True
user_1417,donor_1417@example.com,ORGANIC,True
user_1418,donor_1418@example.com,ORGANIC,True
user_1419,donor_1419@example.com,ORGANIC,False
user_1420,donor_1420@example.com,ORGANIC,True
user_1421,donor_1421@example.com,ORGANIC,True
user_1422,donor_1422@example.com,ORGANIC,True
user_1423,donor_1423@example.com,ORGANIC,True
user_1424,donor_1424@example.com,ORGANIC,True
user_1425,donor_1425@example.com,ORGANIC,False
user_1426,donor_1426@example.com,ORGANIC,True
user_1427,donor_1427@example.com,ORGANIC,True
user_1428,donor_1428@example.com,ORGANIC,True
user_1429,donor_1429@example.com,ORGANIC,False
user_1430,donor_1430@example.com,ORGANIC,True
user_1431,donor_1431@example.com,ORGANIC,True
user_1432,donor_1432@example.com,ORGANIC,True
user_1433,donor_1433@example.com,ORGANIC,True
user_1434,donor_1434@example.com,ORGANIC,True
user_1435,donor_1435@example.com,ORGANIC,True
user_1436,donor_1436@example.com,ORGANIC,True
user_1437,donor_1437@example.com,ORGANIC,True
user_1438,donor_1438@example.com,ORGANIC,True
user_1439,donor_1439@example.com,ORGANIC,True
user_1440,donor_1440@example.com,ORGANIC,True
user_1441,donor_1441@example.com,ORGANIC,True
user_1442,donor_1442@example.com,ORGANIC,True
user_1443,donor_1443@example.com,ORGANIC,False
user_1444,donor_1444@example.com,ORGANIC,True
user_1445,donor_1445@example.com,ORGANIC,True
user_1446,donor_1446@example.com,ORGANIC,True
user_1447,donor_1447@example.com,ORGANIC,False
user_1448,donor_1448@example.com,ORGANIC,False
user_1449,donor_1449@example.com,ORGANIC,True
user_1450,donor_1450@example.com,ORGANIC,True
user_1451,donor_1451@example.com,ORGANIC,True
user_1452,donor_1452@example.com,ORGANIC,False
user_1453,donor_1453@example.com,ORGANIC,False
user_1454,donor_1454@example.com,ORGANIC,True
user_1455,donor_1455@example.com,ORGANIC,False
user_1456,donor_1456@example.com,ORGANIC,True
user_1457,donor_1457@example.com,ORGANIC,True
user_1458,donor_1458@example.com,ORGANIC,True
user_1459,donor_1459@example.com,ORGANIC,True
user_1460,donor_1460@example.com,ORGANIC,True
user_1461,donor_1461@example.com,ORGANIC,True
user_1462,donor_1462@example.com,ORGANIC,True
user_1463,donor_1463@example.com,ORGANIC,True
user_1464,donor_1464@example.com,ORGANIC,True
user_1465,donor_1465@example.com,ORGANIC,True
user_1466,donor_1466@example.com,ORGANIC,True
user_1467,donor_1467@example.com,ORGANIC,True
user_1468,donor_1468@example.com,ORGANIC,False
user_1469,donor_1469@example.com,ORGANIC,True
user_1470,donor_1470@example.com,ORGANIC,True
user_1471,donor_1471@example.com,ORGANIC,True
user_1472,donor_1472@example.com,ORGANIC,True
user_1473,donor_1473@example.com,ORGANIC,False
user_1474,donor_1474@example.com,ORGANIC,True
user_1475,donor_1475@example.com,ORGANIC,True
user_1476,donor_1476@example.com,ORGANIC,True
user_1477,donor_1477@example.com,ORGANIC,True
user_1478,donor_1478@example.com,ORGANIC,True
user_1479,donor_1479@example.com,ORGANIC,True
user_1480,donor_1480@example.com,ORGANIC,True
user_1481,donor_1481@example.com,ORGANIC,True
user_1482,donor_1482@example.com,ORGANIC,True
user_1483,donor_1483@example.com,ORGANIC,True
user_1484,donor_1484@example.com,ORGANIC,True
user_1485,donor_1485@example.com,ORGANIC,True
user_1486,donor_1486@example.com,ORGANIC,True
user_1487,donor_1487@example.com,ORGANIC,False
user_1488,donor_1488@example.com,ORGANIC,True
user_1489,donor_1489@example.com,ORGANIC,False
user_1490,donor_1490@example.com,ORGANIC,True
user_1491,donor_1491@example.com,ORGANIC,True
user_1492,donor_1492@example.com,ORGANIC,True
user_1493,donor_1493@example.com,ORGANIC,True
user_1494,donor_1494@example.com,ORGANIC,True
user_1495,donor_1495@example.com,ORGANIC,True
user_1496,donor_1496@example.com,ORGANIC,True
user_1497,donor_1497@example.com,ORGANIC,True
user_1498,donor_1498@example.com,ORGANIC,True
user_1499,donor_1499@example.com,ORGANIC,True
user_1500,donor_1500@example.com,ORGANIC,True
user_1501,donor_1501@example.com,ORGANIC,True
user_1502,donor_1502@example.com,ORGANIC,True
user_1503,donor_1503@example.com,ORGANIC,True
user_1504,donor_1504@example.com,ORGANIC,True
user_1505,donor_1505@example.com,ORGANIC,True
user_1506,donor_1506@example.com,ORGANIC,True
user_1507,donor_1507@example.com,ORGANIC,True
user_1508,donor_1508@example.com,ORGANIC,True
user_1509,donor_1509@example.com,ORGANIC,True
user_1510,donor_1510@example.com,ORGANIC,True
user_1511,donor_1511@example.com,ORGANIC,False
user_1512,donor_1512@example.com,ORGANIC,True
user_1513,donor_1513@example.com,ORGANIC,True
user_1514,donor_1514@example.com,ORGANIC,True
user_1515,donor_1515@example.com,ORGANIC,True
user_1516,donor_1516@example.com,ORGANIC,True
user_1517,donor_1517@example.com,ORGANIC,True
user_1518,donor_1518@example.com,ORGANIC,True
user_1519,donor_1519@example.com,ORGANIC,True
user_1520,donor_1520@example.com,ORGANIC,True
user_1521,donor_1521@example.com,ORGANIC,False
user_1522,donor_1522@example.com,ORGANIC,True
user_1523,donor_1523@example.com,ORGANIC,True
user_1524,donor_1524@example.com,ORGANIC,False
user_1525,donor_1525@example.com,ORGANIC,True
user_1526,donor_1526@example.com,ORGANIC,True
user_1527,donor_1527@example.com,ORGANIC,False
user_1528,donor_1528@example.com,ORGANIC,True
user_1529,donor_1529@example.com,ORGANIC,True
user_1530,donor_1530@example.com,ORGANIC,True
user_1531,donor_1531@example.com,ORGANIC,False
user_1532,donor_1532@example.com,ORGANIC,True
user_1533,donor_1533@example.com,ORGANIC,True
user_1534,donor_1534@example.com,ORGANIC,True
user_1535,donor_1535@example.com,ORGANIC,True
user_1536,donor_1536@example.com,ORGANIC,True
user_1537,donor_1537@example.com,ORGANIC,True
user_1538,donor_1538@example.com,ORGANIC,True
user_1539,donor_1539@example.com,ORGANIC,True
user_1540,donor_1540@example.com,ORGANIC,True
user_1541,donor_1541@example.com,ORGANIC,True
user_1542,donor_1542@example.com,ORGANIC,True
user_1543,donor_1543@example.com,ORGANIC,True
user_1544,donor_1544@example.com,ORGANIC,True
user_1545,donor_1545@example.com,ORGANIC,True
user_1546,donor_1546@example.com,ORGANIC,False
user_1547,donor_1547@example.com,ORGANIC,True
user_1548,donor_1548@example.com,ORGANIC,True
user_1549,donor_1549@example.com,ORGANIC,True
user_1550,donor_1550@example.com,ORGANIC,True
user_1551,donor_1551@example.com,ORGANIC,False
user_1552,donor_1552@example.com,ORGANIC,True
user_1553,donor_1553@example.com,ORGANIC,True
user_1554,donor_1554@example.com,ORGANIC,True
user_1555,donor_1555@example.com,ORGANIC,True
user_1556,donor_1556@example.com,ORGANIC,False
user_1557,donor_1557@example.com,ORGANIC,True
user_1558,donor_1558@example.com,ORGANIC,True
user_1559,donor_1559@example.com,ORGANIC,True
user_1560,donor_1560@example.com,ORGANIC,True
user_1561,donor_1561@example.com,ORGANIC,True
user_1562,donor_1562@example.com,ORGANIC,True
user_1563,donor_1563@example.com,ORGANIC,True
user_1564,donor_1564@example.com,ORGANIC,True
user_1565,donor_1565@example.com,ORGANIC,True
user_1566,donor_1566@example.com,ORGANIC,True
user_1567,donor_1567@example.com,ORGANIC,False
user_1568,donor_1568@example.com,ORGANIC,True
user_1569,donor_1569@example.com,ORGANIC,True
user_1570,donor_1570@example.com,ORGANIC,True
user_1571,donor_1571@example.com,ORGANIC,True
user_1572,donor_1572@example.com,ORGANIC,True
user_1573,donor_1573@example.com,ORGANIC,True
user_1574,donor_1574@example.com,ORGANIC,True
user_1575,donor_1575@example.com,ORGANIC,True
user_1576,donor_1576@example.com,ORGANIC,True
user_1577,donor_1577@example.com,ORGANIC,True
user_1578,donor_1578@example.com,ORGANIC,True
user_1579,donor_1579@example.com,ORGANIC,True
user_1580,donor_1580@example.com,ORGANIC,True
user_1581,donor_1581@example.com,ORGANIC,True
user_1582,donor_1582@example.com,ORGANIC,True
user_1583,donor_1583@example.com,ORGANIC,True
user_1584,donor_1584@example.com,ORGANIC,True
user_1585,donor_1585@example.com,ORGANIC,False
user_1586,donor_1586@example.com,ORGANIC,True
user_1587,donor_1587@example.com,ORGANIC,True
user_1588,donor_1588@example.com,ORGANIC,False
user_1589,donor_1589@example.com,ORGANIC,True
user_1590,donor_1590@example.com,ORGANIC,True
user_1591,donor_1591@example.com,ORGANIC,True
user_1592,donor_1592@example.com,ORGANIC,True
user_1593,donor_1593@example.com,ORGANIC,False
user_1594,donor_1594@example.com,ORGANIC,True
user_1595,donor_1595@example.com,ORGANIC,False
user_1596,donor_1596@example.com,ORGANIC,False
user_1597,donor_1597@example.com,ORGANIC,True
user_1598,donor_1598@example.com,ORGANIC,False
user_1599,donor_1599@example.com,ORGANIC,False
user_1600,donor_1600@example.com,ORGANIC,True
user_1601,donor_1601@example.com,ORGANIC,False
user_1602,donor_1602@example.com,ORGANIC,False
user_1603,donor_1603@example.com,ORGANIC,False
user_1604,donor_1604@example.com,ORGANIC,True
user_1605,donor_1605@example.com,ORGANIC,True
user_1606,donor_1606@example.com,ORGANIC,True
user_1607,donor_1607@example.com,ORGANIC,False
user_1608,donor_1608@example.com,ORGANIC,False
user_1609,donor_1609@example.com,ORGANIC,True
user_1610,donor_1610@example.com,ORGANIC,True
user_1611,donor_1611@example.com,ORGANIC,False
user_1612,donor_1612@example.com,ORGANIC,True
user_1613,donor_1613@example.com,ORGANIC,False
user_1614,donor_1614@example.com,ORGANIC,True
user_1615,donor_1615@example.com,ORGANIC,True
user_1616,donor_1616@example.com,ORGANIC,True
user_1617,donor_1617@example.com,ORGANIC,True
user_1618,donor_1618@example.com,ORGANIC,True
user_1619,donor_1619@example.com,ORGANIC,True
user_1620,donor_1620@example.com,ORGANIC,True
user_1621,donor_1621@example.com,ORGANIC,True
user_1622,donor_1622@example.com,ORGANIC,True
user_1623,donor_1623@example.com,ORGANIC,True
user_1624,donor_1624@example.com,ORGANIC,True
user_1625,donor_1625@example.com,ORGANIC,True
user_1626,donor_1626@example.com,ORGANIC,True
user_1627,donor_1627@example.com,ORGANIC,True
user_1628,donor_1628@example.com,ORGANIC,False
user_1629,donor_1629@example.com,ORGANIC,False
user_1630,donor_1630@example.com,ORGANIC,True
user_1631,donor_1631@example.com,ORGANIC,True
user_1632,donor_1632@example.com,ORGANIC,False
user_1633,donor_1633@example.com,ORGANIC,True
user_1634,donor_1634@example.com,ORGANIC,True
user_1635,donor_1635@example.com,ORGANIC,True
user_1636,donor_1636@example.com,ORGANIC,True
user_1637,donor_1637@example.com,ORGANIC,True
user_1638,donor_1638@example.com,ORGANIC,False
user_1639,donor_1639@example.com,ORGANIC,False
user_1640,donor_1640@example.com,ORGANIC,True
user_1641,donor_1641@example.com,ORGANIC,True
user_1642,donor_1642@example.com,ORGANIC,True
user_1643,donor_1643@example.com,ORGANIC,False
user_1644,donor_1644@example.com,ORGANIC,True
user_1645,donor_1645@example.com,ORGANIC,True
user_1646,donor_1646@example.com,ORGANIC,False
user_1647,donor_1647@example.com,ORGANIC,True
user_1648,donor_1648@example.com,ORGANIC,True
user_1649,donor_1649@example.com,ORGANIC,False
user_1650,donor_1650@example.com,ORGANIC,True
user_1651,donor_1651@example.com,ORGANIC,True
user_1652,donor_1652@example.com,ORGANIC,True
user_1653,donor_1653@example.com,ORGANIC,True
user_1654,donor_1654@example.com,ORGANIC,True
user_1655,donor_1655@example.com,ORGANIC,True
user_1656,donor_1656@example.com,ORGANIC,True
user_1657,donor_1657@example.com,ORGANIC,True
user_1658,donor_1658@example.com,ORGANIC,True
user_1659,donor_1659@example.com,ORGANIC,True
user_1660,donor_1660@example.com,ORGANIC,True
user_1661,donor_1661@example.com,ORGANIC,False
user_1662,donor_1662@example.com,ORGANIC,False
user_1663,donor_1663@example.com,ORGANIC,True
user_1664,donor_1664@example.com,ORGANIC,True
user_1665,donor_1665@example.com,ORGANIC,True
user_1666,donor_1666@example.com,ORGANIC,True
user_1667,donor_1667@example.com,ORGANIC,False
user_1668,donor_1668@example.com,ORGANIC,True
user_1669,donor_1669@example.com,ORGANIC,True
user_1670,donor_1670@example.com,ORGANIC,True
user_1671,donor_1671@example.com,ORGANIC,False
user_1672,donor_1672@example.com,ORGANIC,True
user_1673,donor_1673@example.com,ORGANIC,True
user_1674,donor_1674@example.com,ORGANIC,True
user_1675,donor_1675@example.com,ORGANIC,True
user_1676,donor_1676@example.com,ORGANIC,True
user_1677,donor_1677@example.com,ORGANIC,True
user_1678,donor_1678@example.com,ORGANIC,True
user_1679,donor_1679@example.com,ORGANIC,True
user_1680,donor_1680@example.com,ORGANIC,True
user_1681,donor_1681@example.com,ORGANIC,False
user_1682,donor_1682@example.com,ORGANIC,True
user_1683,donor_1683@example.com,ORGANIC,True
user_1684,donor_1684@example.com,ORGANIC,True
user_1685,donor_1685@example.com,ORGANIC,True
user_1686,donor_1686@example.com,ORGANIC,True
user_1687,donor_1687@example.com,ORGANIC,False
user_1688,donor_1688@example.com,ORGANIC,True
user_1689,donor_1689@example.com,ORGANIC,False
user_1690,donor_1690@example.com,ORGANIC,True
user_1691,donor_1691@example.com,ORGANIC,True
user_1692,donor_1692@example.com,ORGANIC,True
user_1693,donor_1693@example.com,ORGANIC,True
user_1694,donor_1694@example.com,ORGANIC,False
user_1695,donor_1695@example.com,ORGANIC,True
user_1696,donor_1696@example.com,ORGANIC,True
user_1697,donor_1697@example.com,ORGANIC,True
user_1698,donor_1698@example.com,ORGANIC,True
user_1699,donor_1699@example.com,ORGANIC,False
user_1700,donor_1700@example.com,ORGANIC,True
user_1701,donor_1701@example.com,ORGANIC,True
user_1702,donor_1702@example.com,ORGANIC,True
user_1703,donor_1703@example.com,ORGANIC,True
user_1704,donor_1704@example.com,ORGANIC,False
user_1705,donor_1705@example.com,ORGANIC,True
user_1706,donor_1706@example.com,ORGANIC,True
user_1707,donor_1707@example.com,ORGANIC,True
user_1708,donor_1708@example.com,ORGANIC,False
user_1709,donor_1709@example.com,ORGANIC,True
user_1710,donor_1710@example.com,ORGANIC,True
user_1711,donor_1711@example.com,ORGANIC,True
user_1712,donor_1712@example.com,ORGANIC,True
user_1713,donor_1713@example.com,ORGANIC,False
user_1714,donor_1714@example.com,ORGANIC,True
user_1715,donor_1715@example.com,ORGANIC,False
user_1716,donor_1716@example.com,ORGANIC,True
user_1717,donor_1717@example.com,ORGANIC,False
user_1718,donor_1718@example.com,ORGANIC,True
user_1719,donor_1719@example.com,ORGANIC,True
user_1720,donor_1720@example.com,ORGANIC,True
user_1721,donor_1721@example.com,ORGANIC,True
user_1722,donor_1722@example.com,ORGANIC,True
user_1723,donor_1723@example.com,ORGANIC,True
user_1724,donor_1724@example.com,ORGANIC,True
user_1725,donor_1725@example.com,ORGANIC,True
user_1726,donor_1726@example.com,ORGANIC,True
user_1727,donor_1727@example.com,ORGANIC,True
user_1728,donor_1728@example.com,ORGANIC,False
user_1729,donor_1729@example.com,ORGANIC,True
user_1730,donor_1730@example.com,ORGANIC,True
user_1731,donor_1731@example.com,ORGANIC,False
user_1732,donor_1732@example.com,ORGANIC,False
user_1733,donor_1733@example.com,ORGANIC,True
user_1734,donor_1734@example.com,ORGANIC,True
user_1735,donor_1735@example.com,ORGANIC,True
user_1736,donor_1736@example.com,ORGANIC,True
user_1737,donor_1737@example.com,ORGANIC,True
user_1738,donor_1738@example.com,ORGANIC,False
user_1739,donor_1739@example.com,ORGANIC,True
user_1740,donor_1740@example.com,ORGANIC,False
user_1741,donor_1741@example.com,ORGANIC,True
user_1742,donor_1742@example.com,ORGANIC,True
user_1743,donor_1743@example.com,ORGANIC,True
user_1744,donor_1744@example.com,ORGANIC,True
user_1745,donor_1745@example.com,ORGANIC,False
user_1746,donor_1746@example.com,ORGANIC,False
user_1747,donor_1747@example.com,ORGANIC,True
user_1748,donor_1748@example.com,ORGANIC,True
user_1749,donor_1749@example.com,ORGANIC,True
user_1750,donor_1750@example.com,ORGANIC,True
user_1751,donor_1751@example.com,ORGANIC,True
user_1752,donor_1752@example.com,ORGANIC,True
user_1753,donor_1753@example.com,ORGANIC,True
user_1754,donor_1754@example.com,ORGANIC,False
user_1755,donor_1755@example.com,ORGANIC,True
user_1756,donor_1756@example.com,ORGANIC,False
user_1757,donor_1757@example.com,ORGANIC,True
user_1758,donor_1758@example.com,ORGANIC,True
user_1759,donor_1759@example.com,ORGANIC,True
user_1760,donor_1760@example.com,ORGANIC,True
user_1761,donor_1761@example.com,ORGANIC,True
user_1762,donor_1762@example.com,ORGANIC,True
user_1763,donor_1763@example.com,ORGANIC,True
user_1764,donor_1764@example.com,ORGANIC,False
user_1765,donor_1765@example.com,ORGANIC,True
user_1766,donor_1766@example.com,ORGANIC,True
user_1767,donor_1767@example.com,ORGANIC,True
user_1768,donor_1768@example.com,ORGANIC,True
user_1769,donor_1769@example.com,ORGANIC,True
user_1770,donor_1770@example.com,ORGANIC,False
user_1771,donor_1771@example.com,ORGANIC,True
user_1772,donor_1772@example.com,ORGANIC,True
user_1773,donor_1773@example.com,ORGANIC,True
user_1774,donor_1774@example.com,ORGANIC,True
user_1775,donor_1775@example.com,ORGANIC,True
user_1776,donor_1776@example.com,ORGANIC,True
user_1777,donor_1777@example.com,ORGANIC,True
user_1778,donor_1778@example.com,ORGANIC,True
user_1779,donor_1779@example.com,ORGANIC,False
user_1780,donor_1780@example.com,ORGANIC,False
user_1781,donor_1781@example.com,ORGANIC,True
user_1782,donor_1782@example.com,ORGANIC,True
user_1783,donor_1783@example.com,ORGANIC,False
user_1784,donor_1784@example.com,ORGANIC,True
user_1785,donor_1785@example.com,ORGANIC,True
user_1786,donor_1786@example.com,ORGANIC,True
user_1787,donor_1787@example.com,ORGANIC,True
user_1788,donor_1788@example.com,ORGANIC,False
user_1789,donor_1789@example.com,ORGANIC,True
user_1790,donor_1790@example.com,ORGANIC,False
user_1791,donor_1791@example.com,ORGANIC,False
user_1792,donor_1792@example.com,ORGANIC,True
user_1793,donor_1793@example.com,ORGANIC,True
user_1794,donor_1794@example.com,ORGANIC,False
user_1795,donor_1795@example.com,ORGANIC,True
user_1796,donor_1796@example.com,ORGANIC,True
user_1797,donor_1797@example.com,ORGANIC,True
user_1798,donor_1798@example.com,ORGANIC,True
user_1799,donor_1799@example.com,ORGANIC,True
user_1800,donor_1800@example.com,ORGANIC,False
user_1801,donor_1801@example.com,ORGANIC,True
user_1802,donor_1802@example.com,ORGANIC,False
user_1803,donor_1803@example.com,ORGANIC,True
user_1804,donor_1804@example.com,ORGANIC,False
user_1805,donor_1805@example.com,ORGANIC,True
user_1806,donor_1806@example.com,ORGANIC,True
user_1807,donor_1807@example.com,ORGANIC,True
user_1808,donor_1808@example.com,ORGANIC,False
user_1809,donor_1809@example.com,ORGANIC,False
user_1810,donor_1810@example.com,ORGANIC,True
user_1811,donor_1811@example.com,ORGANIC,True
user_1812,donor_1812@example.com,ORGANIC,True
user_1813,donor_1813@example.com,ORGANIC,True
user_1814,donor_1814@example.com,ORGANIC,False
user_1815,donor_1815@example.com,ORGANIC,False
user_1816,donor_1816@example.com,ORGANIC,True
user_1817,donor_1817@example.com,ORGANIC,True
user_1818,donor_1818@example.com,ORGANIC,True
user_1819,donor_1819@example.com,ORGANIC,False
user_1820,donor_1820@example.com,ORGANIC,False
user_1821,donor_1821@example.com,ORGANIC,True
user_1822,donor_1822@example.com,ORGANIC,True
user_1823,donor_1823@example.com,ORGANIC,False
user_1824,donor_1824@example.com,ORGANIC,True
user_1825,donor_1825@example.com,ORGANIC,False
user_1826,donor_1826@example.com,ORGANIC,True
user_1827,donor_1827@example.com,ORGANIC,False
user_1828,donor_1828@example.com,ORGANIC,False
user_1829,donor_1829@example.com,ORGANIC,True
user_1830,donor_1830@example.com,ORGANIC,True
user_1831,donor_1831@example.com,ORGANIC,True
user_1832,donor_1832@example.com,ORGANIC,True
user_1833,donor_1833@example.com,ORGANIC,True
user_1834,donor_1834@example.com,ORGANIC,True
user_1835,donor_1835@example.com,ORGANIC,True
user_1836,donor_1836@example.com,ORGANIC,False
user_1837,donor_1837@example.com,ORGANIC,False
user_1838,donor_1838@example.com,ORGANIC,False
user_1839,donor_1839@example.com,ORGANIC,True
user_1840,donor_1840@example.com,ORGANIC,True
user_1841,donor_1841@example.com,ORGANIC,True
user_1842,donor_1842@example.com,ORGANIC,True
user_1843,donor_1843@example.com,ORGANIC,True
user_1844,donor_1844@example.com,ORGANIC,True
user_1845,donor_1845@example.com,ORGANIC,True
user_1846,donor_1846@example.com,ORGANIC,True
user_1847,donor_1847@example.com,ORGANIC,False
user_1848,donor_1848@example.com,ORGANIC,True
user_1849,donor_1849@example.com,ORGANIC,True
user_1850,donor_1850@example.com,ORGANIC,True
user_1851,donor_1851@example.com,ORGANIC,True
user_1852,donor_1852@example.com,ORGANIC,True
user_1853,donor_1853@example.com,ORGANIC,True
user_1854,donor_1854@example.com,ORGANIC,True
user_1855,donor_1855@example.com,ORGANIC,True
user_1856,donor_1856@example.com,ORGANIC,True
user_1857,donor_1857@example.com,ORGANIC,True
user_1858,donor_1858@example.com,ORGANIC,True
user_1859,donor_1859@example.com,ORGANIC,True
user_1860,donor_1860@example.com,ORGANIC,True
user_1861,donor_1861@example.com,ORGANIC,True
user_1862,donor_1862@example.com,ORGANIC,True
user_1863,donor_1863@example.com,ORGANIC,True
user_1864,donor_1864@example.com,ORGANIC,True
user_1865,donor_1865@example.com,ORGANIC,True
user_1866,donor_1866@example.com,ORGANIC,True
user_1867,donor_1867@example.com,ORGANIC,True
user_1868,donor_1868@example.com,ORGANIC,True
user_1869,donor_1869@example.com,ORGANIC,True
user_1870,donor_1870@example.com,ORGANIC,False
user_1871,donor_1871@example.com,ORGANIC,True
user_1872,donor_1872@example.com,ORGANIC,True
user_1873,donor_1873@example.com,ORGANIC,True
user_1874,donor_1874@example.com,ORGANIC,True
user_1875,donor_1875@example.com,ORGANIC,True
user_1876,donor_1876@example.com,ORGANIC,True
user_1877,donor_1877@example.com,ORGANIC,True
user_1878,donor_1878@example.com,ORGANIC,True
user_1879,donor_1879@example.com,ORGANIC,False
user_1880,donor_1880@example.com,ORGANIC,True
user_1881,donor_1881@example.com,ORGANIC,True
user_1882,donor_1882@example.com,ORGANIC,True
user_1883,donor_1883@example.com,ORGANIC,True
user_1884,donor_1884@example.com,ORGANIC,False
user_1885,donor_1885@example.com,ORGANIC,False
user_1886,donor_1886@example.com,ORGANIC,True
user_1887,donor_1887@example.com,ORGANIC,False
user_1888,donor_1888@example.com,ORGANIC,True
user_1889,donor_1889@example.com,ORGANIC,True
user_1890,donor_1890@example.com,ORGANIC,True
user_1891,donor_1891@example.com,ORGANIC,True
user_1892,donor_1892@example.com,ORGANIC,True
user_1893,donor_1893@example.com,ORGANIC,True
user_1894,donor_1894@example.com,ORGANIC,True
user_1895,donor_1895@example.com,ORGANIC,True
user_1896,donor_1896@example.com,ORGANIC,True
user_1897,donor_1897@example.com,ORGANIC,True
user_1898,donor_1898@example.com,ORGANIC,True
user_1899,donor_1899@example.com,ORGANIC,True
user_1900,donor_1900@example.com,ORGANIC,True
user_1901,donor_1901@example.com,ORGANIC,True
user_1902,donor_1902@example.com,ORGANIC,False
user_1903,donor_1903@example.com,ORGANIC,False
user_1904,donor_1904@example.com,ORGANIC,True
user_1905,donor_1905@example.com,ORGANIC,True
user_1906,donor_1906@example.com,ORGANIC,True
user_1907,donor_1907@example.com,ORGANIC,False
user_1908,donor_1908@example.com,ORGANIC,True
user_1909,donor_1909@example.com,ORGANIC,False
user_1910,donor_1910@example.com,ORGANIC,True
user_1911,donor_1911@example.com,ORGANIC,True
user_1912,donor_1912@example.com,ORGANIC,True
user_1913,donor_1913@example.com,ORGANIC,True
user_1914,donor_1914@example.com,ORGANIC,True
user_1915,donor_1915@example.com,ORGANIC,True
user_1916,donor_1916@example.com,ORGANIC,True
user_1917,donor_1917@example.com,ORGANIC,True
user_1918,donor_1918@example.com,ORGANIC,True
user_1919,donor_1919@example.com,ORGANIC,True
user_1920,donor_1920@example.com,ORGANIC,True
user_1921,donor_1921@example.com,ORGANIC,True
user_1922,donor_1922@example.com,ORGANIC,False
user_1923,donor_1923@example.com,ORGANIC,True
user_1924,donor_1924@example.com,ORGANIC,True
user_1925,donor_1925@example.com,ORGANIC,True
user_1926,donor_1926@example.com,ORGANIC,True
user_1927,donor_1927@example.com,ORGANIC,True
user_1928,donor_1928@example.com,ORGANIC,False
user_1929,donor_1929@example.com,ORGANIC,True
user_1930,donor_1930@example.com,ORGANIC,True
user_1931,donor_1931@example.com,ORGANIC,True
user_1932,donor_1932@example.com,ORGANIC,True
user_1933,donor_1933@example.com,ORGANIC,True
user_1934,donor_1934@example.com,ORGANIC,True
user_1935,donor_1935@example.com,ORGANIC,True
user_1936,donor_1936@example.com,ORGANIC,True
user_1937,donor_1937@example.com,ORGANIC,True
user_1938,donor_1938@example.com,ORGANIC,True
user_1939,donor_1939@example.com,ORGANIC,True
user_1940,donor_1940@example.com,ORGANIC,True
user_1941,donor_1941@example.com,ORGANIC,True
user_1942,donor_1942@example.com,ORGANIC,True
user_1943,donor_1943@example.com,ORGANIC,True
user_1944,donor_1944@example.com,ORGANIC,True
user_1945,donor_1945@example.com,ORGANIC,False
user_1946,donor_1946@example.com,ORGANIC,True
user_1947,donor_1947@example.com,ORGANIC,True
user_1948,donor_1948@example.com,ORGANIC,True
user_1949,donor_1949@example.com,ORGANIC,False
user_1950,donor_1950@example.com,ORGANIC,True
user_1951,donor_1951@example.com,ORGANIC,True
user_1952,donor_1952@example.com,ORGANIC,False
user_1953,donor_1953@example.com,ORGANIC,True
user_1954,donor_1954@example.com,ORGANIC,True
user_1955,donor_1955@example.com,ORGANIC,True
user_1956,donor_1956@example.com,ORGANIC,True
user_1957,donor_1957@example.com,ORGANIC,True
user_1958,donor_1958@example.com,ORGANIC,True
user_1959,donor_1959@example.com,ORGANIC,True
user_1960,donor_1960@example.com,ORGANIC,True
user_1961,donor_1961@example.com,ORGANIC,True
user_1962,donor_1962@example.com,ORGANIC,True
user_1963,donor_1963@example.com,ORGANIC,False
user_1964,donor_1964@example.com,ORGANIC,True
user_1965,donor_1965@example.com,ORGANIC,False
user_1966,donor_1966@example.com,ORGANIC,True
user_1967,donor_1967@example.com,ORGANIC,True
user_1968,donor_1968@example.com,ORGANIC,True
user_1969,donor_1969@example.com,ORGANIC,True
user_1970,donor_1970@example.com,ORGANIC,True
user_1971,donor_1971@example.com,ORGANIC,True
user_1972,donor_1972@example.com,ORGANIC,True
user_1973,donor_1973@example.com,ORGANIC,True
user_1974,donor_1974@example.com,ORGANIC,True
user_1975,donor_1975@example.com,ORGANIC,True
user_1976,donor_1976@example.com,ORGANIC,True
user_1977,donor_1977@example.com,ORGANIC,False
user_1978,donor_1978@example.com,ORGANIC,True
user_1979,donor_1979@example.com,ORGANIC,False
user_1980,donor_1980@example.com,ORGANIC,True
user_1981,donor_1981@example.com,ORGANIC,True
user_1982,donor_1982@example.com,ORGANIC,False
user_1983,donor_1983@example.com,ORGANIC,True
user_1984,donor_1984@example.com,ORGANIC,True
user_1985,donor_1985@example.com,ORGANIC,True
user_1986,donor_1986@example.com,ORGANIC,True
user_1987,donor_1987@example.com,ORGANIC,True
user_1988,donor_1988@example.com,ORGANIC,False
user_1989,donor_1989@example.com,ORGANIC,True
user_1990,donor_1990@example.com,ORGANIC,True
user_1991,donor_1991@example.com,ORGANIC,True
user_1992,donor_1992@example.com,ORGANIC,False
user_1993,donor_1993@example.com,ORGANIC,True
user_1994,donor_1994@example.com,ORGANIC,True
user_1995,donor_1995@example.com,ORGANIC,True
user_1996,donor_1996@example.com,ORGANIC,True
user_1997,donor_1997@example.com,ORGANIC,False
user_1998,donor_1998@example.com,ORGANIC,True
user_1999,donor_1999@example.com,ORGANIC,True
